date,rented_bike_count,hour,temperature_c,humidity_percent,wind_speed_m_s,visibility_10m,dew_point_temperature_c,solar_radiation_mj_m2,rainfall_mm,snowfall_cm,seasons,holiday,functioning_day
2017-12-01,254,0,-5.2,37,2.2,2000,-17.6,0,0,0,Winter,No Holiday,Yes
2017-12-01,204,1,-5.5,38,0.8,2000,-17.6,0,0,0,Winter,No Holiday,Yes
2017-12-01,173,2,-6,39,1,2000,-17.7,0,0,0,Winter,No Holiday,Yes
2017-12-01,107,3,-6.2,40,0.9,2000,-17.6,0,0,0,Winter,No Holiday,Yes
2017-12-01,78,4,-6,36,2.3,2000,-18.6,0,0,0,Winter,No Holiday,Yes
2017-12-01,100,5,-6.4,37,1.5,2000,-18.7,0,0,0,Winter,No Holiday,Yes
2017-12-01,181,6,-6.6,35,1.3,2000,-19.5,0,0,0,Winter,No Holiday,Yes
2017-12-01,460,7,-7.4,38,0.9,2000,-19.3,0,0,0,Winter,No Holiday,Yes
2017-12-01,930,8,-7.6,37,1.1,2000,-19.8,0.01,0,0,Winter,No Holiday,Yes
2017-12-01,490,9,-6.5,27,0.5,1928,-22.4,0.23,0,0,Winter,No Holiday,Yes
2017-12-01,339,10,-3.5,24,1.2,1996,-21.2,0.65,0,0,Winter,No Holiday,Yes
2017-12-01,360,11,-0.5,21,1.3,1936,-20.2,0.94,0,0,Winter,No Holiday,Yes
2017-12-01,449,12,1.7,23,1.4,2000,-17.2,1.11,0,0,Winter,No Holiday,Yes
2017-12-01,451,13,2.4,25,1.6,2000,-15.6,1.16,0,0,Winter,No Holiday,Yes
2017-12-01,447,14,3,26,2,2000,-14.6,1.01,0,0,Winter,No Holiday,Yes
2017-12-01,463,15,2.1,36,3.2,2000,-11.4,0.54,0,0,Winter,No Holiday,Yes
2017-12-01,484,16,1.2,54,4.2,793,-7,0.24,0,0,Winter,No Holiday,Yes
2017-12-01,555,17,0.8,58,1.6,2000,-6.5,0.08,0,0,Winter,No Holiday,Yes
2017-12-01,862,18,0.6,66,1.4,2000,-5,0,0,0,Winter,No Holiday,Yes
2017-12-01,600,19,0,77,1.7,2000,-3.5,0,0,0,Winter,No Holiday,Yes
2017-12-01,426,20,-0.3,79,1.5,1913,-3.5,0,0,0,Winter,No Holiday,Yes
2017-12-01,405,21,-0.8,81,0.8,1687,-3.6,0,0,0,Winter,No Holiday,Yes
2017-12-01,398,22,-0.9,83,1.5,1380,-3.4,0,0,0,Winter,No Holiday,Yes
2017-12-01,323,23,-1.3,84,1,1265,-3.6,0,0,0,Winter,No Holiday,Yes
2017-12-02,328,0,-1.8,87,1.1,994,-3.6,0,0,0,Winter,No Holiday,Yes
2017-12-02,308,1,-2.2,86,0.6,990,-4.2,0,0,0,Winter,No Holiday,Yes
2017-12-02,262,2,-2.9,86,1.5,1256,-4.9,0,0,0,Winter,No Holiday,Yes
2017-12-02,167,3,-3.5,81,2.2,1221,-6.2,0,0,0,Winter,No Holiday,Yes
2017-12-02,89,4,-3.8,79,2,1167,-6.9,0,0,0,Winter,No Holiday,Yes
2017-12-02,79,5,-4,79,1.5,1202,-7.1,0,0,0,Winter,No Holiday,Yes
2017-12-02,70,6,-4.3,82,2.1,1178,-6.9,0,0,0,Winter,No Holiday,Yes
2017-12-02,146,7,-4.4,81,2.5,1276,-7.1,0,0,0,Winter,No Holiday,Yes
2017-12-02,219,8,-4.2,79,2.1,1436,-7.3,0.01,0,0,Winter,No Holiday,Yes
2017-12-02,328,9,-2.9,68,1.6,1487,-7.9,0.3,0,0,Winter,No Holiday,Yes
2017-12-02,334,10,-0.4,57,1.6,1309,-7.8,0.8,0,0,Winter,No Holiday,Yes
2017-12-02,388,11,1.9,49,1.8,1406,-7.7,1,0,0,Winter,No Holiday,Yes
2017-12-02,479,12,4.3,41,1.3,1666,-7.8,1.09,0,0,Winter,No Holiday,Yes
2017-12-02,606,13,6,36,1.8,1780,-7.9,1.12,0,0,Winter,No Holiday,Yes
2017-12-02,611,14,7.3,35,1.3,1955,-7.1,0.99,0,0,Winter,No Holiday,Yes
2017-12-02,589,15,7.6,41,2.3,1953,-4.8,0.74,0,0,Winter,No Holiday,Yes
2017-12-02,618,16,6.4,48,2.6,1945,-3.8,0.22,0,0,Winter,No Holiday,Yes
2017-12-02,572,17,6,51,2.5,1891,-3.3,0.06,0,0,Winter,No Holiday,Yes
2017-12-02,489,18,5.5,53,1.5,1697,-3.3,0,0,0,Winter,No Holiday,Yes
2017-12-02,385,19,5,52,2.3,1666,-4,0,0,0,Winter,No Holiday,Yes
2017-12-02,359,20,4.6,51,1.2,1585,-4.6,0,0,0,Winter,No Holiday,Yes
2017-12-02,377,21,4.1,55,1.2,1448,-4.1,0,0,0,Winter,No Holiday,Yes
2017-12-02,354,22,3.5,54,1.5,1446,-4.9,0,0,0,Winter,No Holiday,Yes
2017-12-02,366,23,4,56,1,1352,-4,0,0,0,Winter,No Holiday,Yes
2017-12-03,342,0,4,58,1.4,1296,-3.5,0,0,0,Winter,No Holiday,Yes
2017-12-03,227,1,3.9,69,1.7,485,-1.2,0,0,0,Winter,No Holiday,Yes
2017-12-03,228,2,3.3,79,1.4,830,0,0,0,0,Winter,No Holiday,Yes
2017-12-03,117,3,3.4,71,1.6,1011,-1.3,0,0.5,0,Winter,No Holiday,Yes
2017-12-03,76,4,3.5,73,1,1060,-0.8,0,0,0,Winter,No Holiday,Yes
2017-12-03,32,5,3.9,75,1.9,914,-0.1,0,0,0,Winter,No Holiday,Yes
2017-12-03,13,6,3.4,86,2.5,278,1.2,0,1,0,Winter,No Holiday,Yes
2017-12-03,22,7,3.1,91,1.2,129,1.7,0,0,0,Winter,No Holiday,Yes
2017-12-03,85,8,3.2,92,1.8,244,2,0,0,0,Winter,No Holiday,Yes
2017-12-03,152,9,3.5,91,1.8,231,2.1,0.02,2.5,0,Winter,No Holiday,Yes
2017-12-03,200,10,4.4,89,2.2,257,2.7,0.24,0,0,Winter,No Holiday,Yes
2017-12-03,273,11,5.1,87,1.4,321,3.1,0.25,0,0,Winter,No Holiday,Yes
2017-12-03,333,12,5.8,85,1.7,349,3.4,0.43,0,0,Winter,No Holiday,Yes
2017-12-03,495,13,6.8,81,1.9,390,3.7,0.6,0,0,Winter,No Holiday,Yes
2017-12-03,563,14,7.6,76,1.2,422,3.6,0.69,0,0,Winter,No Holiday,Yes
2017-12-03,621,15,8,73,1.6,433,3.4,0.53,0,0,Winter,No Holiday,Yes
2017-12-03,598,16,7.6,77,1.6,399,3.8,0.2,0,0,Winter,No Holiday,Yes
2017-12-03,545,17,6.7,82,1.5,358,3.8,0.05,0,0,Winter,No Holiday,Yes
2017-12-03,443,18,6,84,1.9,327,3.4,0,0,0,Winter,No Holiday,Yes
2017-12-03,422,19,5.7,85,1.7,309,3.3,0,0,0,Winter,No Holiday,Yes
2017-12-03,397,20,5.2,87,1.4,253,3.2,0,0,0,Winter,No Holiday,Yes
2017-12-03,385,21,4.7,87,1.2,247,2.7,0,0,0,Winter,No Holiday,Yes
2017-12-03,350,22,4.3,89,1.8,201,2.6,0,0,0,Winter,No Holiday,Yes
2017-12-03,303,23,3.9,90,1.3,194,2.4,0,0,0,Winter,No Holiday,Yes
2017-12-04,285,0,4.2,88,0.6,216,2.3,0,0,0,Winter,No Holiday,Yes
2017-12-04,186,1,4.3,87,0.5,221,2.3,0,0,0,Winter,No Holiday,Yes
2017-12-04,112,2,4.4,87,1.8,207,2.4,0,0,0,Winter,No Holiday,Yes
2017-12-04,65,3,3.6,85,2.3,206,1.3,0,0,0,Winter,No Holiday,Yes
2017-12-04,41,4,2.8,89,1.5,130,1.1,0,0,0,Winter,No Holiday,Yes
2017-12-04,82,5,2,83,2.7,253,-0.5,0,0,0,Winter,No Holiday,Yes
2017-12-04,200,6,1.2,76,3.7,371,-2.5,0,0.1,0,Winter,No Holiday,Yes
2017-12-04,498,7,0.2,68,3.4,702,-5,0,0,0,Winter,No Holiday,Yes
2017-12-04,937,8,-0.8,69,3.5,954,-5.7,0.01,0,0,Winter,No Holiday,Yes
2017-12-04,509,9,-1.5,47,4.2,1888,-11.3,0.22,0,0,Winter,No Holiday,Yes
2017-12-04,311,10,-1.1,40,4.5,2000,-13,0.64,0,0,Winter,No Holiday,Yes
2017-12-04,379,11,-0.5,41,4.1,1799,-12.1,0.94,0,0,Winter,No Holiday,Yes
2017-12-04,393,12,-0.3,38,4.8,1823,-12.9,1.11,0,0,Winter,No Holiday,Yes
2017-12-04,391,13,0,30,5.4,1938,-15.5,1.17,0,0,Winter,No Holiday,Yes
2017-12-04,338,14,0.1,27,4.5,2000,-16.7,1.09,0,0,Winter,No Holiday,Yes
2017-12-04,341,15,-0.1,25,5.8,2000,-17.8,0.88,0,0,Winter,No Holiday,Yes
2017-12-04,375,16,-0.2,23,4.7,2000,-18.8,0.55,0,0,Winter,No Holiday,Yes
2017-12-04,515,17,-1.3,26,5.3,2000,-18.3,0.18,0,0,Winter,No Holiday,Yes
2017-12-04,807,18,-2.1,29,3.9,2000,-17.7,0,0,0,Winter,No Holiday,Yes
2017-12-04,568,19,-2.9,32,3.2,2000,-17.3,0,0,0,Winter,No Holiday,Yes
2017-12-04,398,20,-3.6,38,3,2000,-15.8,0,0,0,Winter,No Holiday,Yes
2017-12-04,397,21,-4.6,43,4.5,2000,-15.3,0,0,0,Winter,No Holiday,Yes
2017-12-04,353,22,-5.3,45,2.5,2000,-15.3,0,0,0,Winter,No Holiday,Yes
2017-12-04,248,23,-5.8,44,2.4,2000,-16.1,0,0,0,Winter,No Holiday,Yes
2017-12-05,216,0,-6.1,42,2.6,2000,-16.9,0,0,0,Winter,No Holiday,Yes
2017-12-05,198,1,-6.5,41,2.8,2000,-17.6,0,0,0,Winter,No Holiday,Yes
2017-12-05,124,2,-6.8,41,2.5,2000,-17.8,0,0,0,Winter,No Holiday,Yes
2017-12-05,62,3,-6.9,39,2,2000,-18.5,0,0,0,Winter,No Holiday,Yes
2017-12-05,42,4,-7.2,34,3,2000,-20.4,0,0,0,Winter,No Holiday,Yes
2017-12-05,82,5,-7.4,33,2.6,2000,-20.9,0,0,0,Winter,No Holiday,Yes
2017-12-05,172,6,-7.4,34,3.2,2000,-20.6,0,0,0,Winter,No Holiday,Yes
2017-12-05,381,7,-7.5,33,2.2,2000,-21,0,0,0,Winter,No Holiday,Yes
2017-12-05,812,8,-8.1,36,1.6,2000,-20.5,0.01,0,0,Winter,No Holiday,Yes
2017-12-05,462,9,-7.6,31,1.3,1974,-21.8,0.21,0,0,Winter,No Holiday,Yes
2017-12-05,269,10,-5.5,26,2.8,1967,-22,0.64,0,0,Winter,No Holiday,Yes
2017-12-05,334,11,-3.9,25,0,1959,-21,0,0,0,Winter,No Holiday,Yes
2017-12-05,321,12,-2.3,25,0,1962,-19.7,0,0,0,Winter,No Holiday,Yes
2017-12-05,325,13,-1.6,27,0,1955,-18.2,0,0,0,Winter,No Holiday,Yes
2017-12-05,334,14,-1.1,28,0,2000,-17.3,0,0,0,Winter,No Holiday,Yes
2017-12-05,353,15,-0.7,28,0,2000,-16.9,0,0,0,Winter,No Holiday,Yes
2017-12-05,435,16,-0.5,30,0,2000,-16,0,0,0,Winter,No Holiday,Yes
2017-12-05,529,17,-1.6,35,0,2000,-15.1,0,0,0,Winter,No Holiday,Yes
2017-12-05,789,18,-2.6,40,0,2000,-14.4,0,0,0,Winter,No Holiday,Yes
2017-12-05,597,19,-3.2,45,0,2000,-13.5,0,0,0,Winter,No Holiday,Yes
2017-12-05,418,20,-3.5,46,0,2000,-13.4,0,0,0,Winter,No Holiday,Yes
2017-12-05,415,21,-3.7,47,0,2000,-13.3,0,0,0,Winter,No Holiday,Yes
2017-12-05,393,22,-2.8,49,0,2000,-12,0,0,0,Winter,No Holiday,Yes
2017-12-05,244,23,-2.5,59,0,1210,-9.4,0,0,0,Winter,No Holiday,Yes
2017-12-06,145,0,-2.8,77,0,331,-6.2,0,0.1,0.1,Winter,No Holiday,Yes
2017-12-06,144,1,-3,79,0,293,-6.1,0,0,0.3,Winter,No Holiday,Yes
2017-12-06,117,2,-3,79,0,1862,-6.1,0,0,0.4,Winter,No Holiday,Yes
2017-12-06,78,3,-3.2,78,0,1808,-6.4,0,0.2,0.4,Winter,No Holiday,Yes
2017-12-06,58,4,-3.4,75,0,1982,-7.2,0,0,0.4,Winter,No Holiday,Yes
2017-12-06,87,5,-3.6,76,0,1934,-7.2,0,0,0.4,Winter,No Holiday,Yes
2017-12-06,142,6,-3.7,76,0,1864,-7.3,0,0,0.4,Winter,No Holiday,Yes
2017-12-06,379,7,-4.2,77,0,1741,-7.6,0,0,0.3,Winter,No Holiday,Yes
2017-12-06,802,8,-4.2,78,0,1518,-7.4,0.01,0,0.2,Winter,No Holiday,Yes
2017-12-06,440,9,-3.3,70,0,1324,-7.9,0.25,0,0.2,Winter,No Holiday,Yes
2017-12-06,307,10,-0.9,64,0,1224,-6.8,0.63,0,0.2,Winter,No Holiday,Yes
2017-12-06,381,11,1.6,57,1.2,1261,-6,0.93,0,0,Winter,No Holiday,Yes
2017-12-06,405,12,2.4,52,0.9,1224,-6.4,1.08,0,0,Winter,No Holiday,Yes
2017-12-06,442,13,4.2,47,1.1,1469,-6.1,1.1,0,0,Winter,No Holiday,Yes
2017-12-06,416,14,5.5,34,1,1966,-9.1,0.96,0,0,Winter,No Holiday,Yes
2017-12-06,412,15,5.5,31,3.1,1968,-10.3,0.72,0,0,Winter,No Holiday,Yes
2017-12-06,496,16,5.3,37,2.9,2000,-8.2,0.36,0,0,Winter,No Holiday,Yes
2017-12-06,239,17,4.1,60,2.5,1565,-2.9,0.1,0,0,Winter,No Holiday,Yes
2017-12-06,204,18,1.7,90,1,66,0.2,0,0.3,0.3,Winter,No Holiday,Yes
2017-12-06,205,19,1.2,92,0.7,180,0,0,0,1,Winter,No Holiday,Yes
2017-12-06,190,20,1.2,94,0.6,228,0.3,0,0,1,Winter,No Holiday,Yes
2017-12-06,165,21,1.1,92,0.5,235,0,0,0.7,1,Winter,No Holiday,Yes
2017-12-06,222,22,1.3,92,0.6,233,0.1,0,0,1,Winter,No Holiday,Yes
2017-12-06,193,23,1.3,92,0.6,209,0.1,0,0,1,Winter,No Holiday,Yes
2017-12-07,198,0,1.4,92,0.5,240,0.2,0,0,0.9,Winter,No Holiday,Yes
2017-12-07,218,1,1.5,92,0.4,227,0.3,0,0,0.9,Winter,No Holiday,Yes
2017-12-07,149,2,1.4,92,0.7,168,0.2,0,0,0.9,Winter,No Holiday,Yes
2017-12-07,102,3,1.9,91,1.4,218,0.5,0,0,0.9,Winter,No Holiday,Yes
2017-12-07,62,4,1.6,92,0.7,119,0.4,0,0,0.9,Winter,No Holiday,Yes
2017-12-07,83,5,1.5,92,1.1,175,0.3,0,0,0.9,Winter,No Holiday,Yes
2017-12-07,137,6,1,93,0.5,148,0,0,0,0.9,Winter,No Holiday,Yes
2017-12-07,367,7,0.3,93,0.5,173,-0.7,0,0,0.9,Winter,No Holiday,Yes
2017-12-07,754,8,-0.2,96,0.8,173,-0.7,0.01,0,0.8,Winter,No Holiday,Yes
2017-12-07,415,9,0.1,91,0.8,265,-1.1,0.14,0,0.8,Winter,No Holiday,Yes
2017-12-07,321,10,1.1,83,0.7,311,-1.4,0.41,0,0.7,Winter,No Holiday,Yes
2017-12-07,333,11,2.3,69,1.7,628,-2.8,0.63,0,0.6,Winter,No Holiday,Yes
2017-12-07,431,12,3.7,65,2.4,833,-2.2,0.98,0,0.3,Winter,No Holiday,Yes
2017-12-07,394,13,4.1,37,3.1,1767,-9.3,1.14,0,0,Winter,No Holiday,Yes
2017-12-07,390,14,4.4,36,2.7,1975,-9.4,1.04,0,0,Winter,No Holiday,Yes
2017-12-07,430,15,4,35,3.1,1962,-10.1,0.84,0,0,Winter,No Holiday,Yes
2017-12-07,471,16,3.2,38,2.9,1817,-9.7,0.51,0,0,Winter,No Holiday,Yes
2017-12-07,552,17,2.1,50,2,1434,-7.2,0.15,0,0,Winter,No Holiday,Yes
2017-12-07,795,18,0.7,46,2.7,1558,-9.6,0,0,0,Winter,No Holiday,Yes
2017-12-07,507,19,-0.4,47,2.5,1269,-10.3,0,0,0,Winter,No Holiday,Yes
2017-12-07,390,20,-1.4,47,2.5,1620,-11.2,0,0,0,Winter,No Holiday,Yes
2017-12-07,402,21,-2.2,46,2.2,1975,-12.2,0,0,0,Winter,No Holiday,Yes
2017-12-07,389,22,-2.7,48,2.6,1844,-12.2,0,0,0,Winter,No Holiday,Yes
2017-12-07,259,23,-3.2,50,2.1,1887,-12.1,0,0,0,Winter,No Holiday,Yes
2017-12-08,233,0,-3.5,49,2.6,1893,-12.6,0,0,0,Winter,No Holiday,Yes
2017-12-08,230,1,-3.7,50,2.5,1902,-12.6,0,0,0,Winter,No Holiday,Yes
2017-12-08,131,2,-4.3,53,1,1918,-12.4,0,0,0,Winter,No Holiday,Yes
2017-12-08,99,3,-4.8,52,1.6,1978,-13.1,0,0,0,Winter,No Holiday,Yes
2017-12-08,71,4,-5.3,53,2.4,1936,-13.4,0,0,0,Winter,No Holiday,Yes
2017-12-08,84,5,-5.8,56,2,1941,-13.1,0,0,0,Winter,No Holiday,Yes
2017-12-08,158,6,-6,56,3.5,1853,-13.3,0,0,0,Winter,No Holiday,Yes
2017-12-08,387,7,-6.5,57,0.8,1776,-13.6,0,0,0,Winter,No Holiday,Yes
2017-12-08,780,8,-7,59,0.8,1559,-13.6,0.01,0,0,Winter,No Holiday,Yes
2017-12-08,395,9,-6.7,50,0.9,1492,-15.4,0.23,0,0,Winter,No Holiday,Yes
2017-12-08,261,10,-5.3,44,2.8,1516,-15.6,0.63,0,0,Winter,No Holiday,Yes
2017-12-08,310,11,-3.7,39,1.4,1595,-15.6,0.93,0,0,Winter,No Holiday,Yes
2017-12-08,355,12,-2,30,1.4,1728,-17.3,1.14,0,0,Winter,No Holiday,Yes
2017-12-08,354,13,-1.7,28,1.8,1963,-17.8,1.22,0,0,Winter,No Holiday,Yes
2017-12-08,350,14,-1.3,27,3.1,1906,-17.9,1.12,0,0,Winter,No Holiday,Yes
2017-12-08,362,15,-0.8,26,3.3,1977,-17.9,0.87,0,0,Winter,No Holiday,Yes
2017-12-08,401,16,-1.1,24,3.4,2000,-19.1,0.56,0,0,Winter,No Holiday,Yes
2017-12-08,500,17,-2.4,30,2.7,2000,-17.6,0.18,0,0,Winter,No Holiday,Yes
2017-12-08,752,18,-3.1,33,1.2,2000,-17.1,0,0,0,Winter,No Holiday,Yes
2017-12-08,477,19,-3.3,35,1.1,2000,-16.6,0,0,0,Winter,No Holiday,Yes
2017-12-08,384,20,-3.3,34,1.5,2000,-16.9,0,0,0,Winter,No Holiday,Yes
2017-12-08,336,21,-3.3,35,0.5,2000,-16.6,0,0,0,Winter,No Holiday,Yes
2017-12-08,347,22,-3.4,39,1.2,2000,-15.4,0,0,0,Winter,No Holiday,Yes
2017-12-08,275,23,-3.5,43,0.9,2000,-14.3,0,0,0,Winter,No Holiday,Yes
2017-12-09,267,0,-3.5,48,0.9,1967,-12.9,0,0,0,Winter,No Holiday,Yes
2017-12-09,296,1,-4.1,49,0.6,2000,-13.2,0,0,0,Winter,No Holiday,Yes
2017-12-09,237,2,-4.7,50,0.7,1983,-13.5,0,0,0,Winter,No Holiday,Yes
2017-12-09,169,3,-4.3,47,0.6,1992,-13.9,0,0,0,Winter,No Holiday,Yes
2017-12-09,96,4,-4.3,49,0.7,2000,-13.4,0,0,0,Winter,No Holiday,Yes
2017-12-09,56,5,-4.7,49,0.8,1999,-13.8,0,0,0,Winter,No Holiday,Yes
2017-12-09,76,6,-5.1,53,0.9,1975,-13.2,0,0,0,Winter,No Holiday,Yes
2017-12-09,127,7,-5.5,56,0.8,1950,-12.9,0,0,0,Winter,No Holiday,Yes
2017-12-09,222,8,-5.4,56,0.7,1940,-12.8,0.01,0,0,Winter,No Holiday,Yes
2017-12-09,291,9,-4.7,48,1,1784,-14,0.23,0,0,Winter,No Holiday,Yes
2017-12-09,273,10,-2.2,42,1.3,1646,-13.4,0.61,0,0,Winter,No Holiday,Yes
2017-12-09,351,11,0,45,1.1,1500,-10.5,0.89,0,0,Winter,No Holiday,Yes
2017-12-09,427,12,2.4,40,0.8,1809,-9.8,1.05,0,0,Winter,No Holiday,Yes
2017-12-09,431,13,3.9,36,2,1702,-9.8,1.13,0,0,Winter,No Holiday,Yes
2017-12-09,486,14,4.7,32,2.2,1948,-10.6,1.06,0,0,Winter,No Holiday,Yes
2017-12-09,569,15,5.2,30,2,1963,-11,0.84,0,0,Winter,No Holiday,Yes
2017-12-09,546,16,4.4,33,1.6,1963,-10.5,0.4,0,0,Winter,No Holiday,Yes
2017-12-09,481,17,3.5,37,1.8,1963,-9.8,0.1,0,0,Winter,No Holiday,Yes
2017-12-09,384,18,2.5,41,1,1974,-9.4,0,0,0,Winter,No Holiday,Yes
2017-12-09,275,19,1.5,48,0.4,1878,-8.3,0,0,0,Winter,No Holiday,Yes
2017-12-09,298,20,0.8,51,1.4,1848,-8.2,0,0,0,Winter,No Holiday,Yes
2017-12-09,321,21,-0.1,55,0.7,1654,-8,0,0,0,Winter,No Holiday,Yes
2017-12-09,289,22,-0.5,55,0.6,1655,-8.4,0,0,0,Winter,No Holiday,Yes
2017-12-09,265,23,-0.1,54,1.3,1570,-8.3,0,0,0,Winter,No Holiday,Yes
2017-12-10,326,0,-0.2,55,1,1629,-8.1,0,0,0,Winter,No Holiday,Yes
2017-12-10,280,1,-0.2,54,0.5,1747,-8.4,0,0,0,Winter,No Holiday,Yes
2017-12-10,243,2,0.2,52,0.7,1726,-8.5,0,0,0,Winter,No Holiday,Yes
2017-12-10,169,3,0.3,53,0.5,1748,-8.1,0,0,0,Winter,No Holiday,Yes
2017-12-10,71,4,0.4,52,1.6,1816,-8.3,0,0,0,Winter,No Holiday,Yes
2017-12-10,13,5,0.3,74,1,178,-3.7,0,0,0.7,Winter,No Holiday,Yes
2017-12-10,9,6,-0.5,90,0.9,91,-1.9,0,2.5,2.7,Winter,No Holiday,Yes
2017-12-10,20,7,-0.4,92,1.1,121,-1.5,0,0,4,Winter,No Holiday,Yes
2017-12-10,35,8,-0.2,90,1.2,378,-1.6,0,0,4.1,Winter,No Holiday,Yes
2017-12-10,31,9,0.2,90,1,305,-1.2,0,1.6,4.3,Winter,No Holiday,Yes
2017-12-10,19,10,0.5,91,0.4,143,-0.8,0,0,4.3,Winter,No Holiday,Yes
2017-12-10,58,11,0.9,92,0.9,137,-0.2,0.03,0,3.9,Winter,No Holiday,Yes
2017-12-10,119,12,2.3,88,0.3,245,0.5,0.28,0,3.1,Winter,No Holiday,Yes
2017-12-10,182,13,3.3,87,1.1,230,1.3,0.54,0,2.1,Winter,No Holiday,Yes
2017-12-10,235,14,4.2,85,0.7,325,1.8,0.65,0,1.4,Winter,No Holiday,Yes
2017-12-10,180,15,6.7,63,4.5,715,0.1,0.35,0,1,Winter,No Holiday,Yes
2017-12-10,214,16,5.4,71,3.5,622,0.5,0.2,0,0.5,Winter,No Holiday,Yes
2017-12-10,226,17,3.6,65,4.3,1061,-2.3,0.03,0,0.4,Winter,No Holiday,Yes
2017-12-10,210,18,2,61,3,2000,-4.7,0,0,0,Winter,No Holiday,Yes
2017-12-10,181,19,1.6,53,4,2000,-6.9,0,0,0,Winter,No Holiday,Yes
2017-12-10,165,20,0.6,57,3.9,1954,-6.9,0,0,0,Winter,No Holiday,Yes
2017-12-10,167,21,0,59,3,1862,-7,0,0,0,Winter,No Holiday,Yes
2017-12-10,152,22,-1,56,4.7,2000,-8.6,0,0,0,Winter,No Holiday,Yes
2017-12-10,148,23,-1.4,43,4.3,2000,-12.3,0,0,0,Winter,No Holiday,Yes
2017-12-11,125,0,-2.5,39,3.4,2000,-14.5,0,0,0,Winter,No Holiday,Yes
2017-12-11,111,1,-3.4,36,3.8,2000,-16.3,0,0,0,Winter,No Holiday,Yes
2017-12-11,67,2,-4.2,35,3.4,2000,-17.4,0,0,0,Winter,No Holiday,Yes
2017-12-11,45,3,-4.7,38,2.4,2000,-16.8,0,0,0,Winter,No Holiday,Yes
2017-12-11,44,4,-5.2,35,3.2,2000,-18.3,0,0,0,Winter,No Holiday,Yes
2017-12-11,86,5,-5.6,38,3.2,1974,-17.6,0,0,0,Winter,No Holiday,Yes
2017-12-11,136,6,-5.9,39,2.9,1979,-17.6,0,0,0,Winter,No Holiday,Yes
2017-12-11,325,7,-6,39,3.1,1996,-17.7,0,0,0,Winter,No Holiday,Yes
2017-12-11,653,8,-6,38,3.6,1994,-18,0.01,0,0,Winter,No Holiday,Yes
2017-12-11,326,9,-5.9,36,5.1,1941,-18.6,0.1,0,0,Winter,No Holiday,Yes
2017-12-11,212,10,-5.3,32,4.5,2000,-19.4,0.62,0,0,Winter,No Holiday,Yes
2017-12-11,226,11,-4.7,36,3.8,2000,-17.5,1,0,0,Winter,No Holiday,Yes
2017-12-11,247,12,-5.2,33,4.6,1973,-19,1.26,0,0,Winter,No Holiday,Yes
2017-12-11,241,13,-5.4,32,5.1,1986,-19.5,1.24,0,0,Winter,No Holiday,Yes
2017-12-11,253,14,-5.4,31,4.1,1945,-19.9,1.13,0,0,Winter,No Holiday,Yes
2017-12-11,269,15,-5.5,33,4.5,2000,-19.2,0.92,0,0,Winter,No Holiday,Yes
2017-12-11,277,16,-6,40,4,2000,-17.4,0.55,0,0,Winter,No Holiday,Yes
2017-12-11,361,17,-7.1,44,4.2,2000,-17.3,0.18,0,0,Winter,No Holiday,Yes
2017-12-11,557,18,-7.9,43,3.3,2000,-18.3,0,0,0,Winter,No Holiday,Yes
2017-12-11,371,19,-8.6,45,3.9,2000,-18.4,0,0,0,Winter,No Holiday,Yes
2017-12-11,254,20,-9.3,49,3.8,2000,-18,0,0,0,Winter,No Holiday,Yes
2017-12-11,266,21,-9.7,51,2.5,2000,-17.9,0,0,0,Winter,No Holiday,Yes
2017-12-11,222,22,-10.2,50,3,2000,-18.6,0,0,0,Winter,No Holiday,Yes
2017-12-11,174,23,-10.7,53,1.2,2000,-18.4,0,0,0,Winter,No Holiday,Yes
2017-12-12,133,0,-11,51,1.1,2000,-19.1,0,0,0,Winter,No Holiday,Yes
2017-12-12,127,1,-11.2,51,1.1,2000,-19.3,0,0,0,Winter,No Holiday,Yes
2017-12-12,95,2,-11.5,50,0.7,2000,-19.8,0,0,0,Winter,No Holiday,Yes
2017-12-12,54,3,-11.6,50,2.2,1995,-19.9,0,0,0,Winter,No Holiday,Yes
2017-12-12,46,4,-11.6,47,2.1,1982,-20.6,0,0,0,Winter,No Holiday,Yes
2017-12-12,65,5,-11.6,45,2.8,1951,-21.1,0,0,0,Winter,No Holiday,Yes
2017-12-12,104,6,-11.8,47,2.5,1973,-20.8,0,0,0,Winter,No Holiday,Yes
2017-12-12,280,7,-12.1,50,2.3,1929,-20.4,0,0,0,Winter,No Holiday,Yes
2017-12-12,580,8,-12.3,52,1.3,1914,-20.1,0,0,0,Winter,No Holiday,Yes
2017-12-12,275,9,-11.8,46,2.9,1956,-21.1,0.1,0,0,Winter,No Holiday,Yes
2017-12-12,184,10,-10.5,45,3.3,1855,-20.1,0.6,0,0,Winter,No Holiday,Yes
2017-12-12,201,11,-9.4,42,3.1,1815,-19.9,0.93,0,0,Winter,No Holiday,Yes
2017-12-12,228,12,-8.3,35,2.9,1967,-21,1.14,0,0,Winter,No Holiday,Yes
2017-12-12,225,13,-6.9,37,2.4,1955,-19.1,1.22,0,0,Winter,No Holiday,Yes
2017-12-12,258,14,-5.4,32,2,1930,-19.5,1.12,0,0,Winter,No Holiday,Yes
2017-12-12,250,15,-5.8,30,2.8,2000,-20.6,0.92,0,0,Winter,No Holiday,Yes
2017-12-12,248,16,-6,29,2.8,1983,-21.2,0.58,0,0,Winter,No Holiday,Yes
2017-12-12,305,17,-7,32,2.6,2000,-20.9,0.19,0,0,Winter,No Holiday,Yes
2017-12-12,529,18,-7.7,36,1,2000,-20.2,0,0,0,Winter,No Holiday,Yes
2017-12-12,350,19,-8.2,43,1.1,2000,-18.5,0,0,0,Winter,No Holiday,Yes
2017-12-12,260,20,-8.4,42,1,2000,-19,0,0,0,Winter,No Holiday,Yes
2017-12-12,270,21,-8.8,43,1.4,1999,-19.1,0,0,0,Winter,No Holiday,Yes
2017-12-12,256,22,-9,45,1.3,1999,-18.7,0,0,0,Winter,No Holiday,Yes
2017-12-12,173,23,-9.3,47,2.1,2000,-18.5,0,0,0,Winter,No Holiday,Yes
2017-12-13,168,0,-9.5,48,1.3,1996,-18.4,0,0,0,Winter,No Holiday,Yes
2017-12-13,183,1,-10.2,52,1.6,1997,-18.2,0,0,0,Winter,No Holiday,Yes
2017-12-13,120,2,-10.4,53,1.8,1949,-18.1,0,0,0,Winter,No Holiday,Yes
2017-12-13,79,3,-10.9,55,1.8,1913,-18.1,0,0,0,Winter,No Holiday,Yes
2017-12-13,41,4,-11.4,58,1.3,1907,-18,0,0,0,Winter,No Holiday,Yes
2017-12-13,68,5,-11.5,58,1.1,1923,-18.1,0,0,0,Winter,No Holiday,Yes
2017-12-13,109,6,-11.9,57,1.1,1974,-18.7,0,0,0,Winter,No Holiday,Yes
2017-12-13,310,7,-11.7,53,1.6,1998,-19.3,0,0,0,Winter,No Holiday,Yes
2017-12-13,591,8,-11.4,47,3.3,2000,-20.4,0,0,0,Winter,No Holiday,Yes
2017-12-13,340,9,-11.1,46,3.4,1981,-20.4,0.1,0,0,Winter,No Holiday,Yes
2017-12-13,202,10,-9.5,39,2.1,1875,-20.9,0.6,0,0,Winter,No Holiday,Yes
2017-12-13,251,11,-8.1,35,1.8,1806,-20.9,0.96,0,0,Winter,No Holiday,Yes
2017-12-13,267,12,-6.5,30,2.9,1945,-21.2,1.17,0,0,Winter,No Holiday,Yes
2017-12-13,251,13,-5.8,28,2.9,1887,-21.4,1.23,0,0,Winter,No Holiday,Yes
2017-12-13,240,14,-4.7,27,2.9,1883,-20.8,1.12,0,0,Winter,No Holiday,Yes
2017-12-13,240,15,-4.9,26,3.1,1887,-21.5,0.89,0,0,Winter,No Holiday,Yes
2017-12-13,278,16,-4.5,26,2.2,2000,-21.1,0.56,0,0,Winter,No Holiday,Yes
2017-12-13,392,17,-5.6,29,1.7,2000,-20.8,0.18,0,0,Winter,No Holiday,Yes
2017-12-13,537,18,-6.6,33,1.1,2000,-20.2,0,0,0,Winter,No Holiday,Yes
2017-12-13,373,19,-6.6,31,1.6,2000,-20.9,0,0,0,Winter,No Holiday,Yes
2017-12-13,263,20,-7.6,35,0.8,2000,-20.4,0,0,0,Winter,No Holiday,Yes
2017-12-13,271,21,-8.3,39,1,2000,-19.8,0,0,0,Winter,No Holiday,Yes
2017-12-13,271,22,-8.9,39,0.1,2000,-20.3,0,0,0,Winter,No Holiday,Yes
2017-12-13,174,23,-9.2,44,0.4,1978,-19.2,0,0,0,Winter,No Holiday,Yes
2017-12-14,171,0,-9.5,50,0.6,1953,-18,0,0,0,Winter,No Holiday,Yes
2017-12-14,170,1,-9.8,48,0.8,2000,-18.7,0,0,0,Winter,No Holiday,Yes
2017-12-14,107,2,-10.6,44,0.8,1903,-20.5,0,0,0,Winter,No Holiday,Yes
2017-12-14,80,3,-10.7,48,0.4,1651,-19.6,0,0,0,Winter,No Holiday,Yes
2017-12-14,52,4,-11,50,0.8,1718,-19.4,0,0,0,Winter,No Holiday,Yes
2017-12-14,62,5,-10.8,48,0.8,1648,-19.6,0,0,0,Winter,No Holiday,Yes
2017-12-14,108,6,-11,55,0.8,1541,-18.2,0,0,0,Winter,No Holiday,Yes
2017-12-14,279,7,-10.9,57,1.1,1387,-17.7,0,0,0,Winter,No Holiday,Yes
2017-12-14,621,8,-10.4,54,1.1,1432,-17.9,0.01,0,0,Winter,No Holiday,Yes
2017-12-14,305,9,-9.4,44,0.5,1680,-19.4,0.13,0,0,Winter,No Holiday,Yes
2017-12-14,189,10,-7.7,43,0.9,1555,-18.1,0.35,0,0,Winter,No Holiday,Yes
2017-12-14,247,11,-6.1,38,1,1587,-18.1,0.52,0,0,Winter,No Holiday,Yes
2017-12-14,278,12,-4.9,34,1.3,1768,-18.3,0.6,0,0,Winter,No Holiday,Yes
2017-12-14,282,13,-3.8,32,0.9,1827,-18.1,0.52,0,0,Winter,No Holiday,Yes
2017-12-14,294,14,-2.7,28,0.7,1857,-18.7,0.65,0,0,Winter,No Holiday,Yes
2017-12-14,301,15,-2.5,29,1.1,1667,-18.1,0.48,0,0,Winter,No Holiday,Yes
2017-12-14,335,16,-2.4,28,0.9,1878,-18.4,0.35,0,0,Winter,No Holiday,Yes
2017-12-14,382,17,-2.9,31,0.6,1723,-17.7,0.09,0,0,Winter,No Holiday,Yes
2017-12-14,612,18,-3.5,35,1.1,1414,-16.7,0,0,0,Winter,No Holiday,Yes
2017-12-14,410,19,-4.2,40,0.9,1216,-15.8,0,0,0,Winter,No Holiday,Yes
2017-12-14,277,20,-4.8,43,1.1,1397,-15.4,0,0,0,Winter,No Holiday,Yes
2017-12-14,316,21,-4.8,45,0.8,1351,-14.9,0,0,0,Winter,No Holiday,Yes
2017-12-14,309,22,-4.9,44,1.1,1369,-15.3,0,0,0,Winter,No Holiday,Yes
2017-12-14,211,23,-5.6,53,1.2,1290,-13.6,0,0,0,Winter,No Holiday,Yes
2017-12-15,227,0,-5.7,53,0.6,1262,-13.7,0,0,0,Winter,No Holiday,Yes
2017-12-15,241,1,-6.3,57,0.4,1148,-13.4,0,0,0,Winter,No Holiday,Yes
2017-12-15,162,2,-6.8,58,0.4,1089,-13.6,0,0,0,Winter,No Holiday,Yes
2017-12-15,110,3,-6.9,56,0.5,1111,-14.2,0,0,0,Winter,No Holiday,Yes
2017-12-15,69,4,-7.1,59,0.8,1058,-13.7,0,0,0,Winter,No Holiday,Yes
2017-12-15,68,5,-7.5,64,0.9,989,-13.1,0,0,0,Winter,No Holiday,Yes
2017-12-15,129,6,-7.4,64,0.7,906,-13,0,0,0,Winter,No Holiday,Yes
2017-12-15,285,7,-7,63,0.6,865,-12.8,0,0,0,Winter,No Holiday,Yes
2017-12-15,658,8,-6.6,64,1.1,791,-12.2,0,0,0,Winter,No Holiday,Yes
2017-12-15,330,9,-5.9,60,0.6,691,-12.4,0.09,0,0,Winter,No Holiday,Yes
2017-12-15,221,10,-4.6,52,0.8,648,-12.9,0.34,0,0,Winter,No Holiday,Yes
2017-12-15,279,11,-2.9,46,1,809,-12.9,0.42,0,0,Winter,No Holiday,Yes
2017-12-15,309,12,-2.5,43,0.7,895,-13.3,0.34,0,0,Winter,No Holiday,Yes
2017-12-15,325,13,-1.6,40,0.3,868,-13.4,0.32,0,0,Winter,No Holiday,Yes
2017-12-15,329,14,-0.7,39,0.8,826,-12.9,0.35,0,0,Winter,No Holiday,Yes
2017-12-15,342,15,0.1,35,1.5,946,-13.5,0.42,0,0,Winter,No Holiday,Yes
2017-12-15,354,16,0,37,0.6,994,-12.9,0.13,0,0,Winter,No Holiday,Yes
2017-12-15,464,17,-0.2,39,0.8,1016,-12.5,0,0,0,Winter,No Holiday,Yes
2017-12-15,682,18,0.1,43,0.9,1485,-11,0,0,0,Winter,No Holiday,Yes
2017-12-15,451,19,0.6,41,1.2,1550,-11.1,0,0,0,Winter,No Holiday,Yes
2017-12-15,320,20,0.9,42,1.2,1113,-10.5,0,0,0,Winter,No Holiday,Yes
2017-12-15,300,21,0.7,47,2.7,1283,-9.3,0,0,0,Winter,No Holiday,Yes
2017-12-15,296,22,-0.1,49,2,870,-9.5,0,0,0,Winter,No Holiday,Yes
2017-12-15,247,23,-1.3,60,2.5,792,-8,0,0,0,Winter,No Holiday,Yes
2017-12-16,217,0,-2.6,73,3.4,787,-6.7,0,0,0,Winter,No Holiday,Yes
2017-12-16,302,1,-3.4,76,2.9,582,-7,0,0,0,Winter,No Holiday,Yes
2017-12-16,228,2,-4.1,73,2.1,567,-8.2,0,0,0,Winter,No Holiday,Yes
2017-12-16,129,3,-4.5,71,1.6,651,-8.9,0,0,0,Winter,No Holiday,Yes
2017-12-16,80,4,-5,70,2.7,702,-9.6,0,0,0,Winter,No Holiday,Yes
2017-12-16,45,5,-5.6,72,2,662,-9.8,0,0,0,Winter,No Holiday,Yes
2017-12-16,66,6,-6.1,69,2.9,765,-10.8,0,0,0,Winter,No Holiday,Yes
2017-12-16,90,7,-6.7,64,2.1,977,-12.3,0,0,0,Winter,No Holiday,Yes
2017-12-16,190,8,-7.3,62,2.6,1112,-13.3,0,0,0,Winter,No Holiday,Yes
2017-12-16,195,9,-7.2,47,2.8,1724,-16.6,0.18,0,0,Winter,No Holiday,Yes
2017-12-16,201,10,-6.2,42,2.3,1893,-17,0.52,0,0,Winter,No Holiday,Yes
2017-12-16,239,11,-5.2,30,4,1991,-20.1,0.86,0,0,Winter,No Holiday,Yes
2017-12-16,252,12,-4.1,28,3.8,1998,-19.9,1.08,0,0,Winter,No Holiday,Yes
2017-12-16,296,13,-3.7,23,4,1980,-21.8,1.12,0,0,Winter,No Holiday,Yes
2017-12-16,292,14,-3.4,22,4.3,1966,-22.1,1.07,0,0,Winter,No Holiday,Yes
2017-12-16,291,15,-3.3,22,5,2000,-22,0.86,0,0,Winter,No Holiday,Yes
2017-12-16,258,16,-3.3,24,3.5,2000,-21,0.54,0,0,Winter,No Holiday,Yes
2017-12-16,277,17,-4.6,26,2.6,2000,-21.2,0.17,0,0,Winter,No Holiday,Yes
2017-12-16,212,18,-5.3,28,3.5,2000,-21,0,0,0,Winter,No Holiday,Yes
2017-12-16,173,19,-6,32,2.4,2000,-20,0,0,0,Winter,No Holiday,Yes
2017-12-16,143,20,-6.6,37,3.4,2000,-18.9,0,0,0,Winter,No Holiday,Yes
2017-12-16,159,21,-7.1,39,3.2,2000,-18.7,0,0,0,Winter,No Holiday,Yes
2017-12-16,155,22,-7.6,41,1.6,2000,-18.6,0,0,0,Winter,No Holiday,Yes
2017-12-16,142,23,-8,41,2.2,2000,-18.9,0,0,0,Winter,No Holiday,Yes
2017-12-17,175,0,-8.1,41,2,2000,-19,0,0,0,Winter,No Holiday,Yes
2017-12-17,146,1,-8.4,40,1.6,2000,-19.6,0,0,0,Winter,No Holiday,Yes
2017-12-17,132,2,-8.7,40,2.8,2000,-19.8,0,0,0,Winter,No Holiday,Yes
2017-12-17,100,3,-9,40,3.1,2000,-20.1,0,0,0,Winter,No Holiday,Yes
2017-12-17,41,4,-9.5,40,1.9,2000,-20.6,0,0,0,Winter,No Holiday,Yes
2017-12-17,31,5,-9.7,41,3.1,2000,-20.5,0,0,0,Winter,No Holiday,Yes
2017-12-17,39,6,-9.9,42,2.3,2000,-20.4,0,0,0,Winter,No Holiday,Yes
2017-12-17,53,7,-10.2,42,2.3,2000,-20.6,0,0,0,Winter,No Holiday,Yes
2017-12-17,94,8,-10.7,43,0.9,2000,-20.8,0,0,0,Winter,No Holiday,Yes
2017-12-17,122,9,-10.5,38,1.1,1950,-22.1,0.19,0,0,Winter,No Holiday,Yes
2017-12-17,142,10,-8.5,31,1.5,1997,-22.6,0.58,0,0,Winter,No Holiday,Yes
2017-12-17,189,11,-7.2,29,1.8,1926,-22.2,0.88,0,0,Winter,No Holiday,Yes
2017-12-17,216,12,-4.9,25,2.6,1966,-21.9,1.08,0,0,Winter,No Holiday,Yes
2017-12-17,223,13,-4.5,25,3.2,1989,-21.6,1.14,0,0,Winter,No Holiday,Yes
2017-12-17,268,14,-3.2,26,3.1,1933,-20,1.07,0,0,Winter,No Holiday,Yes
2017-12-17,278,15,-2.5,28,2,2000,-18.5,0.85,0,0,Winter,No Holiday,Yes
2017-12-17,256,16,-2.7,31,2.3,2000,-17.5,0.54,0,0,Winter,No Holiday,Yes
2017-12-17,266,17,-3.8,35,2.4,2000,-17,0.17,0,0,Winter,No Holiday,Yes
2017-12-17,204,18,-4.7,37,1.8,2000,-17.2,0.01,0,0,Winter,No Holiday,Yes
2017-12-17,157,19,-5.6,39,1.1,2000,-17.3,0,0,0,Winter,No Holiday,Yes
2017-12-17,166,20,-6,42,0.8,2000,-16.8,0,0,0,Winter,No Holiday,Yes
2017-12-17,168,21,-6.5,45,0.7,2000,-16.4,0,0,0,Winter,No Holiday,Yes
2017-12-17,172,22,-6.6,50,0.6,1990,-15.3,0,0,0,Winter,No Holiday,Yes
2017-12-17,138,23,-6.9,53,0.7,2000,-14.8,0,0,0,Winter,No Holiday,Yes
2017-12-18,151,0,-5.9,50,0.6,2000,-14.6,0,0,0,Winter,No Holiday,Yes
2017-12-18,97,1,-5.3,48,0.4,1664,-14.6,0,0,0,Winter,No Holiday,Yes
2017-12-18,38,2,-5,65,0.4,990,-10.5,0,0,0.2,Winter,No Holiday,Yes
2017-12-18,32,3,-5.3,76,1,767,-8.8,0,0.3,0.5,Winter,No Holiday,Yes
2017-12-18,29,4,-5.4,81,0.7,270,-8.1,0,0,0.7,Winter,No Holiday,Yes
2017-12-18,27,5,-5.3,81,0.9,923,-8,0,0,0.8,Winter,No Holiday,Yes
2017-12-18,45,6,-5.2,85,0.9,271,-7.3,0,0.4,1.3,Winter,No Holiday,Yes
2017-12-18,96,7,-5,85,0.7,186,-7.1,0,0,1.8,Winter,No Holiday,Yes
2017-12-18,146,8,-4.6,86,1.2,508,-6.5,0,0,2,Winter,No Holiday,Yes
2017-12-18,52,9,-4.3,89,1,59,-5.8,0,1.6,4,Winter,No Holiday,Yes
2017-12-18,36,10,-3.7,87,1,541,-5.5,0.03,0,4.8,Winter,No Holiday,Yes
2017-12-18,44,11,-2.9,85,1.2,243,-5,0.06,0,4.8,Winter,No Holiday,Yes
2017-12-18,62,12,-1.8,83,1.2,351,-4.3,0.09,1.1,5.1,Winter,No Holiday,Yes
2017-12-18,76,13,-0.9,84,1.2,333,-3.2,0.09,0,5,Winter,No Holiday,Yes
2017-12-18,116,14,0.5,76,0.9,364,-3.2,0.17,0,4.2,Winter,No Holiday,Yes
2017-12-18,137,15,1.6,73,0.9,421,-2.7,0.6,0,3.2,Winter,No Holiday,Yes
2017-12-18,181,16,1.8,76,0.8,410,-1.9,0.47,0,2.7,Winter,No Holiday,Yes
2017-12-18,175,17,0.4,84,0.8,317,-1.9,0.15,0,2.7,Winter,No Holiday,Yes
2017-12-18,281,18,0,88,0.6,277,-1.7,0,0,2.7,Winter,No Holiday,Yes
2017-12-18,198,19,1.3,65,1.1,1122,-4.5,0,0,2.7,Winter,No Holiday,Yes
2017-12-18,165,20,3.3,65,3.2,1172,-2.6,0,0,2.7,Winter,No Holiday,Yes
2017-12-18,148,21,2.8,73,2.4,831,-1.5,0,0,2.6,Winter,No Holiday,Yes
2017-12-18,160,22,1.5,82,2.4,537,-1.2,0,0,2.6,Winter,No Holiday,Yes
2017-12-18,128,23,0.1,81,2.9,551,-2.7,0,0,2.6,Winter,No Holiday,Yes
2017-12-19,122,0,-1,73,2.3,881,-5.2,0,0,2.6,Winter,No Holiday,Yes
2017-12-19,122,1,-2,72,0.8,979,-6.3,0,0,2.6,Winter,No Holiday,Yes
2017-12-19,93,2,-2.7,72,0.9,990,-7,0,0,2.6,Winter,No Holiday,Yes
2017-12-19,55,3,-2.8,58,1.6,1315,-9.9,0,0,2.6,Winter,No Holiday,Yes
2017-12-19,39,4,-2.9,59,1.8,1286,-9.8,0,0,2.6,Winter,No Holiday,Yes
2017-12-19,55,5,-3.9,66,0.7,1209,-9.3,0,0,2.6,Winter,No Holiday,Yes
2017-12-19,78,6,-4.3,70,1.6,1169,-8.9,0,0,2.6,Winter,No Holiday,Yes
2017-12-19,165,7,-4.4,64,2.8,1367,-10.1,0,0,2.6,Winter,No Holiday,Yes
2017-12-19,390,8,-5.2,58,2.2,1594,-12.1,0,0,2.5,Winter,No Holiday,Yes
2017-12-19,199,9,-5.3,48,2.6,1810,-14.6,0.18,0,2.5,Winter,No Holiday,Yes
2017-12-19,151,10,-4.6,41,2.8,1815,-15.8,0.57,0,2.5,Winter,No Holiday,Yes
2017-12-19,174,11,-3.5,35,2.2,1742,-16.7,0.87,0,2.5,Winter,No Holiday,Yes
2017-12-19,191,12,-2.5,31,2.6,1778,-17.3,1.08,0,2.3,Winter,No Holiday,Yes
2017-12-19,189,13,-2.2,25,3.2,1970,-19.6,1.17,0,2.2,Winter,No Holiday,Yes
2017-12-19,178,14,-2.2,23,3.7,1971,-20.5,1.09,0,2.2,Winter,No Holiday,Yes
2017-12-19,195,15,-1.3,26,3,2000,-18.3,0.91,0,2.1,Winter,No Holiday,Yes
2017-12-19,211,16,-1.8,31,3.1,1993,-16.7,0.56,0,2,Winter,No Holiday,Yes
2017-12-19,256,17,-2.7,35,1.8,2000,-16,0.18,0,2,Winter,No Holiday,Yes
2017-12-19,384,18,-3.8,42,3.3,2000,-14.8,0,0,2,Winter,No Holiday,Yes
2017-12-19,276,19,-4.5,51,2,2000,-13.1,0,0,2,Winter,No Holiday,Yes
2017-12-19,225,20,-4.9,55,2,2000,-12.5,0,0,2,Winter,No Holiday,Yes
2017-12-19,224,21,-5,57,1.9,2000,-12.2,0,0,2,Winter,No Holiday,Yes
2017-12-19,213,22,-5.5,56,1.5,2000,-12.9,0,0,2,Winter,No Holiday,Yes
2017-12-19,149,23,-5.8,57,1.7,2000,-12.9,0,0,2,Winter,No Holiday,Yes
2017-12-20,142,0,-6.5,63,1.5,1666,-12.3,0,0,2,Winter,No Holiday,Yes
2017-12-20,172,1,-7.3,67,1.1,1593,-12.3,0,0,2,Winter,No Holiday,Yes
2017-12-20,108,2,-7.8,68,0.9,1642,-12.6,0,0,2,Winter,No Holiday,Yes
2017-12-20,71,3,-8.1,70,1.3,1557,-12.6,0,0,2,Winter,No Holiday,Yes
2017-12-20,38,4,-8.5,73,1,1723,-12.4,0,0,2,Winter,No Holiday,Yes
2017-12-20,56,5,-8.3,67,0.9,1566,-13.3,0,0,2,Winter,No Holiday,Yes
2017-12-20,97,6,-8.2,66,0.9,1718,-13.4,0,0,2,Winter,No Holiday,Yes
2017-12-20,213,7,-8.1,67,0.9,1737,-13.1,0,0,2,Winter,No Holiday,Yes
2017-12-20,466,8,-7.8,65,1.1,1738,-13.2,0,0,2,Winter,No Holiday,Yes
2017-12-20,239,9,-6.7,62,1.1,1749,-12.7,0.09,0,2,Winter,No Holiday,Yes
2017-12-20,162,10,-5.4,56,1.1,1751,-12.8,0.28,0,2,Winter,No Holiday,Yes
2017-12-20,204,11,-4.2,51,1.1,1772,-12.8,0.4,0,1.9,Winter,No Holiday,Yes
2017-12-20,209,12,-3.2,49,1.3,1723,-12.4,0.53,0,1.9,Winter,No Holiday,Yes
2017-12-20,228,13,-1.3,43,1,1777,-12.3,0.8,0,1.7,Winter,No Holiday,Yes
2017-12-20,243,14,-0.5,44,1,1793,-11.2,0.71,0,1.7,Winter,No Holiday,Yes
2017-12-20,240,15,-0.2,45,1,1852,-10.7,0.41,0,1.6,Winter,No Holiday,Yes
2017-12-20,225,16,-0.5,48,1.1,1722,-10.1,0.12,0,1.6,Winter,No Holiday,Yes
2017-12-20,237,17,-0.9,70,1.1,299,-5.6,0.02,0,2.2,Winter,No Holiday,Yes
2017-12-20,329,18,-1.4,79,1.6,702,-4.5,0,0.1,2.2,Winter,No Holiday,Yes
2017-12-20,190,19,-1.5,81,1.8,751,-4.3,0,0,2.2,Winter,No Holiday,Yes
2017-12-20,165,20,-1.9,86,0.9,700,-3.9,0,0,2.4,Winter,No Holiday,Yes
2017-12-20,197,21,-2,83,1.2,904,-4.5,0,0.1,2.4,Winter,No Holiday,Yes
2017-12-20,184,22,-1.6,82,0.4,929,-4.2,0,0,2.3,Winter,No Holiday,Yes
2017-12-20,153,23,-1.1,87,1.4,349,-2.9,0,0,2.2,Winter,No Holiday,Yes
2017-12-21,166,0,-1.3,90,2,259,-2.7,0,0,2.2,Winter,No Holiday,Yes
2017-12-21,189,1,-1.8,90,1.6,263,-3.2,0,0,2.2,Winter,No Holiday,Yes
2017-12-21,132,2,-2.2,88,1.4,348,-3.9,0,0,2.2,Winter,No Holiday,Yes
2017-12-21,79,3,-2.9,89,1.3,288,-4.4,0,0,2.2,Winter,No Holiday,Yes
2017-12-21,58,4,-3.6,91,1.2,241,-4.8,0,0,2.2,Winter,No Holiday,Yes
2017-12-21,49,5,-4.3,91,1.5,233,-5.5,0,0,2.2,Winter,No Holiday,Yes
2017-12-21,84,6,-4.8,91,1.1,266,-6,0,0,2.2,Winter,No Holiday,Yes
2017-12-21,178,7,-5.3,90,1.1,311,-6.6,0,0,2.2,Winter,No Holiday,Yes
2017-12-21,423,8,-5.6,89,0.9,371,-7.1,0,0,2.2,Winter,No Holiday,Yes
2017-12-21,265,9,-5.3,88,0.4,463,-6.9,0.21,0,2.2,Winter,No Holiday,Yes
2017-12-21,169,10,-3,71,0.7,608,-7.5,0.67,0,2.1,Winter,No Holiday,Yes
2017-12-21,243,11,-0.7,62,0.7,519,-7,0.77,0,2,Winter,No Holiday,Yes
2017-12-21,290,12,1.9,40,2,1835,-10.3,1.04,0,1.9,Winter,No Holiday,Yes
2017-12-21,285,13,3.2,42,1.8,1349,-8.5,1.08,0,1.8,Winter,No Holiday,Yes
2017-12-21,255,14,4.3,47,2.3,953,-6,0.96,0,1.6,Winter,No Holiday,Yes
2017-12-21,316,15,4.4,46,1.4,1113,-6.2,0.78,0,1,Winter,No Holiday,Yes
2017-12-21,301,16,4.1,51,1.8,1112,-5.1,0.48,0,0.9,Winter,No Holiday,Yes
2017-12-21,366,17,2.9,60,1.3,1193,-4.1,0.16,0,0.8,Winter,No Holiday,Yes
2017-12-21,531,18,1.7,64,1.3,1140,-4.3,0,0,0.8,Winter,No Holiday,Yes
2017-12-21,355,19,0.8,71,0.9,923,-3.8,0,0,0.8,Winter,No Holiday,Yes
2017-12-21,288,20,0.2,72,0.7,990,-4.2,0,0,0.8,Winter,No Holiday,Yes
2017-12-21,248,21,-0.4,74,0.6,1065,-4.4,0,0,0.8,Winter,No Holiday,Yes
2017-12-21,252,22,-1.1,78,0.6,865,-4.4,0,0,0.8,Winter,No Holiday,Yes
2017-12-21,212,23,-1.5,79,0.6,821,-4.6,0,0,0.8,Winter,No Holiday,Yes
2017-12-22,196,0,-1.7,79,0.5,794,-4.8,0,0,0.8,Winter,Holiday,Yes
2017-12-22,250,1,-1.6,79,0.6,784,-4.7,0,0,0.8,Winter,Holiday,Yes
2017-12-22,161,2,-1.1,79,0.7,736,-4.2,0,0,0.8,Winter,Holiday,Yes
2017-12-22,99,3,-0.6,76,0.5,789,-4.3,0,0,0.7,Winter,Holiday,Yes
2017-12-22,64,4,-0.3,76,0.9,760,-4,0,0,0.7,Winter,Holiday,Yes
2017-12-22,76,5,-0.2,73,0.8,880,-4.4,0,0,0.7,Winter,Holiday,Yes
2017-12-22,114,6,-0.1,71,0.8,895,-4.7,0,0,0.7,Winter,Holiday,Yes
2017-12-22,283,7,-0.3,72,0.7,919,-4.7,0,0,0.7,Winter,Holiday,Yes
2017-12-22,544,8,-0.4,69,0.5,904,-5.4,0,0,0.7,Winter,Holiday,Yes
2017-12-22,298,9,0.3,67,0.7,897,-5.1,0.03,0,0.6,Winter,Holiday,Yes
2017-12-22,248,10,1.4,64,1,897,-4.6,0.25,0,0.5,Winter,Holiday,Yes
2017-12-22,278,11,3.1,57,0.8,804,-4.6,0.63,0,0,Winter,Holiday,Yes
2017-12-22,301,12,4.5,56,0.8,836,-3.5,0.71,0,0,Winter,Holiday,Yes
2017-12-22,320,13,5.4,55,1.2,820,-2.9,0.66,0,0,Winter,Holiday,Yes
2017-12-22,326,14,5.9,55,0.6,779,-2.4,0.48,0,0,Winter,Holiday,Yes
2017-12-22,386,15,6.5,55,0.9,801,-1.9,0.38,0,0,Winter,Holiday,Yes
2017-12-22,416,16,6,58,0.7,732,-1.6,0.19,0,0,Winter,Holiday,Yes
2017-12-22,477,17,5.4,61,1.3,691,-1.5,0.08,0,0,Winter,Holiday,Yes
2017-12-22,671,18,4.9,63,0.6,677,-1.5,0,0,0,Winter,Holiday,Yes
2017-12-22,481,19,5.2,64,0.7,691,-1,0,0,0,Winter,Holiday,Yes
2017-12-22,323,20,5.9,67,1.3,779,0.2,0,0,0,Winter,Holiday,Yes
2017-12-22,309,21,6.1,70,2.2,763,1,0,0,0,Winter,Holiday,Yes
2017-12-22,314,22,6.1,70,2.7,806,1,0,0,0,Winter,Holiday,Yes
2017-12-22,249,23,5.8,74,2.5,832,1.5,0,0,0,Winter,Holiday,Yes
2017-12-23,282,0,5.8,75,1.9,788,1.7,0,0,0,Winter,No Holiday,Yes
2017-12-23,337,1,5.7,75,1.7,706,1.6,0,0,0,Winter,No Holiday,Yes
2017-12-23,312,2,5.6,76,1.6,641,1.6,0,0,0,Winter,No Holiday,Yes
2017-12-23,230,3,5.4,77,1.6,583,1.6,0,0,0,Winter,No Holiday,Yes
2017-12-23,120,4,5.3,79,0.9,506,1.9,0,0,0,Winter,No Holiday,Yes
2017-12-23,59,5,5,81,1.2,425,2,0,0,0,Winter,No Holiday,Yes
2017-12-23,63,6,5.1,81,1.3,375,2.1,0,0,0,Winter,No Holiday,Yes
2017-12-23,99,7,5.1,82,0.7,334,2.2,0,0,0,Winter,No Holiday,Yes
2017-12-23,188,8,5.1,83,0.9,297,2.4,0,0,0,Winter,No Holiday,Yes
2017-12-23,239,9,5.2,84,0.7,226,2.7,0.03,0,0,Winter,No Holiday,Yes
2017-12-23,235,10,5.4,82,1.2,215,2.5,0.13,0,0,Winter,No Holiday,Yes
2017-12-23,282,11,5.7,81,1.1,192,2.6,0.18,0,0,Winter,No Holiday,Yes
2017-12-23,325,12,7,72,1.9,246,2.2,0.64,0,0,Winter,No Holiday,Yes
2017-12-23,423,13,7.7,68,1,249,2.1,0.58,0,0,Winter,No Holiday,Yes
2017-12-23,405,14,8.6,63,1.6,263,1.9,0.72,0,0,Winter,No Holiday,Yes
2017-12-23,443,15,8.6,64,1.5,269,2.1,0.57,0,0,Winter,No Holiday,Yes
2017-12-23,473,16,8.2,64,1,281,1.7,0.32,0,0,Winter,No Holiday,Yes
2017-12-23,453,17,7.7,67,0.9,264,1.9,0.11,0,0,Winter,No Holiday,Yes
2017-12-23,340,18,6.6,73,0.4,229,2,0,0,0,Winter,No Holiday,Yes
2017-12-23,260,19,6,76,1.1,219,2,0,0,0,Winter,No Holiday,Yes
2017-12-23,258,20,5.9,75,1.5,222,1.7,0,0,0,Winter,No Holiday,Yes
2017-12-23,279,21,5.6,77,0.9,212,1.8,0,0,0,Winter,No Holiday,Yes
2017-12-23,282,22,5.3,79,0.6,200,1.9,0,0,0,Winter,No Holiday,Yes
2017-12-23,237,23,5.5,80,0.6,185,2.3,0,0,0,Winter,No Holiday,Yes
2017-12-24,266,0,5.6,78,0.6,196,2,0,0,0,Winter,Holiday,Yes
2017-12-24,251,1,5.6,78,0.5,197,2,0,0,0,Winter,Holiday,Yes
2017-12-24,196,2,5.4,80,0.9,190,2.2,0,0,0,Winter,Holiday,Yes
2017-12-24,149,3,5.2,82,0.8,190,2.3,0,0,0,Winter,Holiday,Yes
2017-12-24,79,4,5.2,82,0.7,189,2.3,0,0,0,Winter,Holiday,Yes
2017-12-24,44,5,5.1,82,0.6,185,2.2,0,0,0,Winter,Holiday,Yes
2017-12-24,12,6,4.9,84,1.3,159,2.4,0,0.1,0,Winter,Holiday,Yes
2017-12-24,3,7,4.7,89,1.1,100,3,0,0,0,Winter,Holiday,Yes
2017-12-24,4,8,4.6,91,1.7,95,3.2,0,0,0,Winter,Holiday,Yes
2017-12-24,3,9,4.6,94,0.9,90,3.7,0,6.4,0,Winter,Holiday,Yes
2017-12-24,4,10,4.8,96,0.6,87,4.2,0.04,0,0,Winter,Holiday,Yes
2017-12-24,9,11,4.6,95,0.8,156,3.8,0.05,0,0,Winter,Holiday,Yes
2017-12-24,4,12,4.1,91,0.8,404,2.7,0.07,9.5,0,Winter,Holiday,Yes
2017-12-24,7,13,3.7,90,0.7,744,2.2,0.15,0,0,Winter,Holiday,Yes
2017-12-24,28,14,3.3,90,2.5,561,1.8,0.19,0,0,Winter,Holiday,Yes
2017-12-24,38,15,2.9,90,2,380,1.4,0.08,3.5,0,Winter,Holiday,Yes
2017-12-24,54,16,2.3,91,3.3,270,0.9,0.07,0,0,Winter,Holiday,Yes
2017-12-24,104,17,2.2,86,2.6,605,0,0.04,0,0,Winter,Holiday,Yes
2017-12-24,128,18,1.9,82,4.3,699,-0.8,0.01,0.5,0,Winter,Holiday,Yes
2017-12-24,132,19,1.1,68,4.4,695,-4.1,0,0,0,Winter,Holiday,Yes
2017-12-24,116,20,0.6,67,3.3,506,-4.8,0,0,0,Winter,Holiday,Yes
2017-12-24,145,21,0.4,69,3.5,477,-4.6,0,0,0,Winter,Holiday,Yes
2017-12-24,110,22,0.2,69,2.7,565,-4.8,0,0,0,Winter,Holiday,Yes
2017-12-24,128,23,0,63,3.2,884,-6.2,0,0,0,Winter,Holiday,Yes
2017-12-25,160,0,-0.6,64,2.4,1010,-6.5,0,0,0,Winter,Holiday,Yes
2017-12-25,132,1,-1.2,57,4.3,1429,-8.6,0,0,0,Winter,Holiday,Yes
2017-12-25,115,2,-1.8,53,4.1,1825,-10.1,0,0,0,Winter,Holiday,Yes
2017-12-25,100,3,-2.3,52,3.4,1947,-10.8,0,0,0,Winter,Holiday,Yes
2017-12-25,72,4,-3,51,3.2,2000,-11.7,0,0,0,Winter,Holiday,Yes
2017-12-25,32,5,-3.7,51,2.6,2000,-12.3,0,0,0,Winter,Holiday,Yes
2017-12-25,59,6,-4.1,50,3,2000,-13,0,0,0,Winter,Holiday,Yes
2017-12-25,61,7,-4.6,46,2.8,2000,-14.4,0,0,0,Winter,Holiday,Yes
2017-12-25,94,8,-4.9,44,3,2000,-15.3,0,0,0,Winter,Holiday,Yes
2017-12-25,107,9,-4.6,40,3.5,2000,-16.1,0.18,0,0,Winter,Holiday,Yes
2017-12-25,133,10,-3.7,35,3.7,1937,-16.9,0.57,0,0,Winter,Holiday,Yes
2017-12-25,179,11,-2.8,35,2.9,1984,-16.1,0.87,0,0,Winter,Holiday,Yes
2017-12-25,221,12,-1.6,33,2.5,1874,-15.8,1.18,0,0,Winter,Holiday,Yes
2017-12-25,244,13,-1.5,33,3.8,2000,-15.7,1.18,0,0,Winter,Holiday,Yes
2017-12-25,274,14,-0.4,31,2,2000,-15.5,1.1,0,0,Winter,Holiday,Yes
2017-12-25,319,15,0.4,28,2.5,2000,-16,0.9,0,0,Winter,Holiday,Yes
2017-12-25,272,16,0.4,27,2,2000,-16.4,0.58,0,0,Winter,Holiday,Yes
2017-12-25,260,17,-0.7,29,2,2000,-16.5,0.21,0,0,Winter,Holiday,Yes
2017-12-25,237,18,-1.6,33,2,2000,-15.8,0,0,0,Winter,Holiday,Yes
2017-12-25,184,19,-1.8,41,2.1,2000,-13.3,0,0,0,Winter,Holiday,Yes
2017-12-25,181,20,-2.1,49,1.7,2000,-11.4,0,0,0,Winter,Holiday,Yes
2017-12-25,185,21,-1.7,51,1.7,2000,-10.5,0,0,0,Winter,Holiday,Yes
2017-12-25,176,22,-1.3,53,1.7,2000,-9.6,0,0,0,Winter,Holiday,Yes
2017-12-25,169,23,-1,55,1.9,2000,-8.9,0,0,0,Winter,Holiday,Yes
2017-12-26,178,0,-1.4,58,1,1880,-8.6,0,0,0,Winter,No Holiday,Yes
2017-12-26,127,1,-1.5,62,1.3,2000,-7.8,0,0,0,Winter,No Holiday,Yes
2017-12-26,85,2,-2.1,69,1,1995,-7,0,0,0,Winter,No Holiday,Yes
2017-12-26,72,3,-2.6,70,1,1992,-7.3,0,0,0,Winter,No Holiday,Yes
2017-12-26,49,4,-2.6,72,1.4,1929,-6.9,0,0,0,Winter,No Holiday,Yes
2017-12-26,65,5,-2.9,77,0.8,1833,-6.3,0,0,0,Winter,No Holiday,Yes
2017-12-26,120,6,-2.8,73,0.7,1906,-6.9,0,0,0,Winter,No Holiday,Yes
2017-12-26,296,7,-2.9,73,1.9,1911,-7,0,0,0,Winter,No Holiday,Yes
2017-12-26,578,8,-2.7,68,2.2,1919,-7.7,0,0,0,Winter,No Holiday,Yes
2017-12-26,293,9,-2.8,52,2.9,1895,-11.3,0.16,0,0,Winter,No Holiday,Yes
2017-12-26,180,10,-2.2,36,4.1,1930,-15.2,0.53,0,0,Winter,No Holiday,Yes
2017-12-26,250,11,-2.1,28,4.9,1887,-18.2,0.87,0,0,Winter,No Holiday,Yes
2017-12-26,262,12,-1.3,23,4,2000,-19.8,1.09,0,0,Winter,No Holiday,Yes
2017-12-26,262,13,-2,15,4.7,1970,-25.2,1.18,0,0,Winter,No Holiday,Yes
2017-12-26,271,14,-1.6,20,4.3,2000,-21.6,1.11,0,0,Winter,No Holiday,Yes
2017-12-26,246,15,-1.9,17,5,2000,-23.7,0.93,0,0,Winter,No Holiday,Yes
2017-12-26,282,16,-1.9,17,3.3,2000,-23.7,0.61,0,0,Winter,No Holiday,Yes
2017-12-26,350,17,-3.6,20,3.7,2000,-23.3,0.23,0,0,Winter,No Holiday,Yes
2017-12-26,481,18,-4.7,23,3.4,2000,-22.7,0.01,0,0,Winter,No Holiday,Yes
2017-12-26,317,19,-5.4,27,3,2000,-21.5,0,0,0,Winter,No Holiday,Yes
2017-12-26,252,20,-6.1,32,4.7,2000,-20.1,0,0,0,Winter,No Holiday,Yes
2017-12-26,220,21,-6.6,39,3.2,2000,-18.2,0,0,0,Winter,No Holiday,Yes
2017-12-26,213,22,-7.2,38,3.1,2000,-19.1,0,0,0,Winter,No Holiday,Yes
2017-12-26,156,23,-7.5,37,3.1,2000,-19.7,0,0,0,Winter,No Holiday,Yes
2017-12-27,133,0,-7.9,37,2.2,2000,-20,0,0,0,Winter,No Holiday,Yes
2017-12-27,142,1,-8.2,39,1.8,2000,-19.7,0,0,0,Winter,No Holiday,Yes
2017-12-27,93,2,-8.6,37,1.5,2000,-20.7,0,0,0,Winter,No Holiday,Yes
2017-12-27,81,3,-9.1,37,1,2000,-21.1,0,0,0,Winter,No Holiday,Yes
2017-12-27,55,4,-9.1,33,2.3,2000,-22.4,0,0,0,Winter,No Holiday,Yes
2017-12-27,66,5,-9.4,36,1.9,2000,-21.7,0,0,0,Winter,No Holiday,Yes
2017-12-27,105,6,-9.8,37,1.7,2000,-21.7,0,0,0,Winter,No Holiday,Yes
2017-12-27,262,7,-10.1,38,2.3,2000,-21.7,0,0,0,Winter,No Holiday,Yes
2017-12-27,502,8,-10.2,35,1.8,2000,-22.7,0,0,0,Winter,No Holiday,Yes
2017-12-27,279,9,-9.8,33,2,1997,-23,0.17,0,0,Winter,No Holiday,Yes
2017-12-27,146,10,-8.5,29,2.4,1992,-23.4,0.56,0,0,Winter,No Holiday,Yes
2017-12-27,213,11,-6.8,28,2.1,1986,-22.3,0.88,0,0,Winter,No Holiday,Yes
2017-12-27,230,12,-5.5,21,2.1,1941,-24.4,1.08,0,0,Winter,No Holiday,Yes
2017-12-27,258,13,-4.7,18,3.7,2000,-25.4,1.16,0,0,Winter,No Holiday,Yes
2017-12-27,231,14,-4,18,2.4,2000,-24.8,1.09,0,0,Winter,No Holiday,Yes
2017-12-27,228,15,-3.1,16,2.2,2000,-25.4,0.9,0,0,Winter,No Holiday,Yes
2017-12-27,269,16,-3.2,23,2.7,2000,-21.4,0.57,0,0,Winter,No Holiday,Yes
2017-12-27,314,17,-4.2,26,2.2,2000,-20.8,0.2,0,0,Winter,No Holiday,Yes
2017-12-27,466,18,-5.2,32,2.2,2000,-19.3,0,0,0,Winter,No Holiday,Yes
2017-12-27,315,19,-5.5,31,2.1,2000,-19.9,0,0,0,Winter,No Holiday,Yes
2017-12-27,262,20,-5.9,34,0.9,2000,-19.2,0,0,0,Winter,No Holiday,Yes
2017-12-27,242,21,-6.4,34,1.2,2000,-19.7,0,0,0,Winter,No Holiday,Yes
2017-12-27,243,22,-6.4,36,1.3,2000,-19,0,0,0,Winter,No Holiday,Yes
2017-12-27,216,23,-6.3,39,0.9,2000,-18,0,0,0,Winter,No Holiday,Yes
2017-12-28,164,0,-6.5,41,1.7,2000,-17.6,0,0,0,Winter,No Holiday,Yes
2017-12-28,169,1,-6.6,39,1.4,2000,-18.2,0,0,0,Winter,No Holiday,Yes
2017-12-28,163,2,-6.6,34,1.8,2000,-19.8,0,0,0,Winter,No Holiday,Yes
2017-12-28,86,3,-6,32,2.5,2000,-20,0,0,0,Winter,No Holiday,Yes
2017-12-28,50,4,-5.8,32,1.6,2000,-19.8,0,0,0,Winter,No Holiday,Yes
2017-12-28,61,5,-5.7,28,1.2,2000,-21.3,0,0,0,Winter,No Holiday,Yes
2017-12-28,103,6,-5.5,24,0.5,2000,-22.9,0,0,0,Winter,No Holiday,Yes
2017-12-28,257,7,-5,31,0.5,2000,-19.5,0,0,0,Winter,No Holiday,Yes
2017-12-28,554,8,-4.7,30,0.6,2000,-19.6,0,0,0,Winter,No Holiday,Yes
2017-12-28,326,9,-4.3,38,0.7,1877,-16.5,0.04,0,0,Winter,No Holiday,Yes
2017-12-28,225,10,-3.4,33,1.3,1863,-17.4,0.33,0,0,Winter,No Holiday,Yes
2017-12-28,288,11,-2.1,34,1,1868,-15.8,0.65,0,0,Winter,No Holiday,Yes
2017-12-28,286,12,-0.8,38,1,1686,-13.3,0.75,0,0,Winter,No Holiday,Yes
2017-12-28,301,13,0.8,46,1.4,1598,-9.5,0.8,0,0,Winter,No Holiday,Yes
2017-12-28,311,14,0.8,55,1.8,1132,-7.2,0.59,0,0,Winter,No Holiday,Yes
2017-12-28,303,15,0.4,57,2.4,1179,-7.1,0.36,0,0,Winter,No Holiday,Yes
2017-12-28,390,16,0.3,57,2.3,1204,-7.2,0.19,0,0,Winter,No Holiday,Yes
2017-12-28,407,17,0.2,58,2,1159,-7.1,0.08,0,0,Winter,No Holiday,Yes
2017-12-28,552,18,-0.6,62,1.6,1129,-6.9,0,0,0,Winter,No Holiday,Yes
2017-12-28,402,19,-0.4,62,0.9,1103,-6.8,0,0,0,Winter,No Holiday,Yes
2017-12-28,319,20,-0.3,62,1.3,1040,-6.7,0,0,0,Winter,No Holiday,Yes
2017-12-28,332,21,-0.2,62,0.6,986,-6.6,0,0,0,Winter,No Holiday,Yes
2017-12-28,285,22,0,63,1.3,968,-6.2,0,0,0,Winter,No Holiday,Yes
2017-12-28,260,23,0.1,63,1.1,1003,-6.1,0,0,0,Winter,No Holiday,Yes
2017-12-29,233,0,0.2,63,0.7,925,-6,0,0,0,Winter,No Holiday,Yes
2017-12-29,269,1,0.3,63,0.7,760,-5.9,0,0,0,Winter,No Holiday,Yes
2017-12-29,210,2,0.5,63,1,691,-5.7,0,0,0,Winter,No Holiday,Yes
2017-12-29,135,3,0.6,64,0.4,731,-5.4,0,0,0,Winter,No Holiday,Yes
2017-12-29,85,4,0.6,65,0.4,712,-5.2,0,0,0,Winter,No Holiday,Yes
2017-12-29,67,5,0.7,66,0.7,687,-4.9,0,0,0,Winter,No Holiday,Yes
2017-12-29,128,6,0.8,68,0.6,673,-4.4,0,0,0,Winter,No Holiday,Yes
2017-12-29,289,7,0.9,67,0.6,658,-4.5,0,0,0,Winter,No Holiday,Yes
2017-12-29,636,8,1,68,0.6,624,-4.2,0,0,0,Winter,No Holiday,Yes
2017-12-29,353,9,1.2,67,0.2,591,-4.2,0.06,0,0,Winter,No Holiday,Yes
2017-12-29,252,10,1.9,65,0.3,562,-3.9,0.17,0,0,Winter,No Holiday,Yes
2017-12-29,317,11,3.1,62,1.1,517,-3.4,0.29,0,0,Winter,No Holiday,Yes
2017-12-29,363,12,4.3,62,1.6,472,-2.3,0.52,0,0,Winter,No Holiday,Yes
2017-12-29,370,13,5.2,58,2.5,435,-2.4,0.81,0,0,Winter,No Holiday,Yes
2017-12-29,419,14,5.7,54,3.5,418,-2.9,0.83,0,0,Winter,No Holiday,Yes
2017-12-29,426,15,5.7,53,2.7,408,-3.1,0.65,0,0,Winter,No Holiday,Yes
2017-12-29,504,16,5.4,56,2.2,396,-2.6,0.39,0,0,Winter,No Holiday,Yes
2017-12-29,534,17,4.5,59,1.6,384,-2.8,0.14,0,0,Winter,No Holiday,Yes
2017-12-29,574,18,3.6,62,1.4,389,-3,0.01,0,0,Winter,No Holiday,Yes
2017-12-29,395,19,2.7,68,1.2,348,-2.6,0,0,0,Winter,No Holiday,Yes
2017-12-29,292,20,1.7,73,0.5,332,-2.6,0,0,0,Winter,No Holiday,Yes
2017-12-29,282,21,1,77,1.5,297,-2.5,0,0,0,Winter,No Holiday,Yes
2017-12-29,294,22,0.8,77,1.4,293,-2.7,0,0,0,Winter,No Holiday,Yes
2017-12-29,236,23,0.3,80,0.8,264,-2.7,0,0,0,Winter,No Holiday,Yes
2017-12-30,240,0,-0.4,83,1.2,247,-2.9,0,0,0,Winter,No Holiday,Yes
2017-12-30,234,1,-0.5,83,0.7,244,-3,0,0,0,Winter,No Holiday,Yes
2017-12-30,192,2,-0.9,84,0.6,230,-3.2,0,0,0,Winter,No Holiday,Yes
2017-12-30,127,3,-1.1,83,0.8,237,-3.6,0,0,0,Winter,No Holiday,Yes
2017-12-30,86,4,-1.1,83,0.7,242,-3.6,0,0,0,Winter,No Holiday,Yes
2017-12-30,52,5,-1.2,81,0.8,258,-4,0,0,0,Winter,No Holiday,Yes
2017-12-30,62,6,-1.1,81,1,253,-3.9,0,0,0,Winter,No Holiday,Yes
2017-12-30,88,7,-0.7,79,0.7,259,-3.8,0,0,0,Winter,No Holiday,Yes
2017-12-30,162,8,-0.4,78,0.5,249,-3.7,0,0,0,Winter,No Holiday,Yes
2017-12-30,224,9,0.2,76,1.3,249,-3.5,0.03,0,0,Winter,No Holiday,Yes
2017-12-30,208,10,0.8,73,0.5,248,-3.4,0.15,0,0,Winter,No Holiday,Yes
2017-12-30,237,11,2,69,1,257,-3.1,0.32,0,0,Winter,No Holiday,Yes
2017-12-30,274,12,3.2,64,0.8,258,-2.9,0.47,0,0,Winter,No Holiday,Yes
2017-12-30,333,13,4,62,1,256,-2.6,0.51,0,0,Winter,No Holiday,Yes
2017-12-30,356,14,4.3,60,1.2,272,-2.7,0.4,0,0,Winter,No Holiday,Yes
2017-12-30,337,15,4.3,61,0.7,274,-2.5,0.23,0,0,Winter,No Holiday,Yes
2017-12-30,345,16,4.1,63,0.7,263,-2.3,0.13,0,0,Winter,No Holiday,Yes
2017-12-30,183,17,3.8,64,0.9,250,-2.3,0.01,0,0,Winter,No Holiday,Yes
2017-12-30,45,18,3,84,1.7,137,0.5,0,0.3,0,Winter,No Holiday,Yes
2017-12-30,40,19,2.3,89,0.6,96,0.6,0,0,0,Winter,No Holiday,Yes
2017-12-30,66,20,1.9,90,0.9,88,0.4,0,0,0,Winter,No Holiday,Yes
2017-12-30,64,21,1.8,92,1.1,109,0.6,0,0.2,0,Winter,No Holiday,Yes
2017-12-30,30,22,1.8,92,1.2,94,0.6,0,0,0,Winter,No Holiday,Yes
2017-12-30,42,23,1.4,92,1.9,73,0.2,0,0,0,Winter,No Holiday,Yes
2017-12-31,43,0,0.9,95,1.8,63,0.1,0,0.2,0.2,Winter,Holiday,Yes
2017-12-31,43,1,0.5,95,2.1,79,-0.2,0,0,0.6,Winter,Holiday,Yes
2017-12-31,65,2,0.4,95,1.7,110,-0.3,0,0,1.2,Winter,Holiday,Yes
2017-12-31,65,3,0.3,91,2,172,-1,0,1,1.2,Winter,Holiday,Yes
2017-12-31,32,4,-0.2,87,3.5,246,-2.1,0,0,1.2,Winter,Holiday,Yes
2017-12-31,22,5,-0.8,85,2.8,329,-3,0,0,1.2,Winter,Holiday,Yes
2017-12-31,25,6,-1.3,84,2.4,425,-3.6,0,0,1.2,Winter,Holiday,Yes
2017-12-31,39,7,-1.8,86,1.7,367,-3.8,0,0,1.2,Winter,Holiday,Yes
2017-12-31,84,8,-2.1,86,1.4,354,-4.1,0,0,1.2,Winter,Holiday,Yes
2017-12-31,103,9,-1.9,82,1.6,410,-4.5,0.15,0,1.2,Winter,Holiday,Yes
2017-12-31,110,10,-0.5,73,1.7,609,-4.7,0.53,0,1.1,Winter,Holiday,Yes
2017-12-31,142,11,0.8,62,2.8,801,-5.6,0.88,0,1.1,Winter,Holiday,Yes
2017-12-31,209,12,1.4,47,4.5,1388,-8.7,1.1,0,1,Winter,Holiday,Yes
2017-12-31,267,13,2.5,36,3.7,1578,-11,1.15,0,0.7,Winter,Holiday,Yes
2017-12-31,262,14,3,28,3.8,1956,-13.7,1.1,0,0,Winter,Holiday,Yes
2017-12-31,300,15,3.1,25,3.9,2000,-15,0.9,0,0,Winter,Holiday,Yes
2017-12-31,272,16,2.7,26,2.7,2000,-14.9,0.59,0,0,Winter,Holiday,Yes
2017-12-31,240,17,1.7,30,2.9,2000,-14,0.22,0,0,Winter,Holiday,Yes
2017-12-31,215,18,0.7,31,2.3,2000,-14.5,0.01,0,0,Winter,Holiday,Yes
2017-12-31,163,19,0,31,2.2,2000,-15.1,0,0,0,Winter,Holiday,Yes
2017-12-31,161,20,-1,32,0.9,2000,-15.6,0,0,0,Winter,Holiday,Yes
2017-12-31,179,21,-1.6,35,1,2000,-15.1,0,0,0,Winter,Holiday,Yes
2017-12-31,155,22,-2.1,36,1.7,2000,-15.2,0,0,0,Winter,Holiday,Yes
2017-12-31,227,23,-2.6,40,0.6,2000,-14.3,0,0,0,Winter,Holiday,Yes
2018-01-01,206,0,-3.2,40,0.5,1358,-14.9,0,0,0,Winter,Holiday,Yes
2018-01-01,230,1,-3.3,41,0.7,2000,-14.7,0,0,0,Winter,Holiday,Yes
2018-01-01,178,2,-3.7,42,0.9,2000,-14.7,0,0,0,Winter,Holiday,Yes
2018-01-01,119,3,-4,44,1,2000,-14.4,0,0,0,Winter,Holiday,Yes
2018-01-01,62,4,-4.2,53,1.1,1994,-12.3,0,0,0,Winter,Holiday,Yes
2018-01-01,61,5,-4.4,54,0.8,1786,-12.3,0,0,0,Winter,Holiday,Yes
2018-01-01,65,6,-4.5,51,1.1,2000,-13.1,0,0,0,Winter,Holiday,Yes
2018-01-01,81,7,-4.7,56,1.1,2000,-12.1,0,0,0,Winter,Holiday,Yes
2018-01-01,89,8,-5,55,1,2000,-12.6,0,0,0,Winter,Holiday,Yes
2018-01-01,121,9,-4.3,39,0.7,1973,-16.2,0.15,0,0,Winter,Holiday,Yes
2018-01-01,139,10,-1.6,32,0.8,1766,-16.1,0.53,0,0,Winter,Holiday,Yes
2018-01-01,169,11,0.1,27,2.2,1874,-16.7,0.84,0,0,Winter,Holiday,Yes
2018-01-01,225,12,1.5,20,2.8,1992,-19,1.03,0,0,Winter,Holiday,Yes
2018-01-01,248,13,2.4,22,2.3,1921,-17.2,1.1,0,0,Winter,Holiday,Yes
2018-01-01,298,14,3.7,24,2.1,1906,-15,1.01,0,0,Winter,Holiday,Yes
2018-01-01,344,15,3,27,2.9,1715,-14.2,0.78,0,0,Winter,Holiday,Yes
2018-01-01,310,16,3,28,2.5,1864,-13.7,0.51,0,0,Winter,Holiday,Yes
2018-01-01,271,17,1.8,33,3.3,1913,-12.8,0.18,0,0,Winter,Holiday,Yes
2018-01-01,218,18,0.8,34,1.9,1887,-13.3,0.01,0,0,Winter,Holiday,Yes
2018-01-01,125,19,-0.1,39,1.3,1911,-12.4,0,0,0,Winter,Holiday,Yes
2018-01-01,206,20,-0.3,40,1.2,1936,-12.2,0,0,0,Winter,Holiday,Yes
2018-01-01,203,21,-0.9,44,1.2,1871,-11.6,0,0,0,Winter,Holiday,Yes
2018-01-01,168,22,-1.3,48,0.8,1927,-10.9,0,0,0,Winter,Holiday,Yes
2018-01-01,154,23,-1.6,51,0.7,1882,-10.4,0,0,0,Winter,Holiday,Yes
2018-01-02,148,0,-1.8,54,1.1,1772,-9.8,0,0,0,Winter,No Holiday,Yes
2018-01-02,108,1,-2.1,56,0.8,1732,-9.7,0,0,0,Winter,No Holiday,Yes
2018-01-02,69,2,-2.3,62,0.9,1560,-8.6,0,0,0,Winter,No Holiday,Yes
2018-01-02,41,3,-2.5,62,0.4,1626,-8.7,0,0,0,Winter,No Holiday,Yes
2018-01-02,31,4,-2.7,67,0.5,1302,-7.9,0,0,0,Winter,No Holiday,Yes
2018-01-02,58,5,-3.1,67,0.6,1384,-8.3,0,0,0,Winter,No Holiday,Yes
2018-01-02,139,6,-3.2,67,0.4,1409,-8.4,0,0,0,Winter,No Holiday,Yes
2018-01-02,344,7,-3.2,69,0.5,1249,-8,0,0,0,Winter,No Holiday,Yes
2018-01-02,655,8,-3.4,71,0.8,1179,-7.9,0,0,0,Winter,No Holiday,Yes
2018-01-02,315,9,-3.1,66,0.2,1168,-8.5,0.12,0,0,Winter,No Holiday,Yes
2018-01-02,208,10,-1.4,50,1.9,1355,-10.5,0.38,0,0,Winter,No Holiday,Yes
2018-01-02,269,11,-0.4,40,2.3,1633,-12.3,0.66,0,0,Winter,No Holiday,Yes
2018-01-02,293,12,0.9,29,1.9,1761,-15.1,0.88,0,0,Winter,No Holiday,Yes
2018-01-02,273,13,1.5,23,3.6,1970,-17.4,0.95,0,0,Winter,No Holiday,Yes
2018-01-02,302,14,1.7,20,4.4,1995,-18.9,0.91,0,0,Winter,No Holiday,Yes
2018-01-02,295,15,1.5,22,3,1998,-17.9,0.76,0,0,Winter,No Holiday,Yes
2018-01-02,320,16,1.3,23,2.9,2000,-17.6,0.51,0,0,Winter,No Holiday,Yes
2018-01-02,373,17,0.3,27,2.6,2000,-16.5,0.18,0,0,Winter,No Holiday,Yes
2018-01-02,675,18,-0.8,24,2.3,2000,-18.9,0.01,0,0,Winter,No Holiday,Yes
2018-01-02,403,19,-1.3,28,2.4,2000,-17.5,0,0,0,Winter,No Holiday,Yes
2018-01-02,364,20,-1.9,26,2.2,2000,-18.9,0,0,0,Winter,No Holiday,Yes
2018-01-02,304,21,-2.6,28,2,2000,-18.6,0,0,0,Winter,No Holiday,Yes
2018-01-02,273,22,-3.4,33,2.4,2000,-17.4,0,0,0,Winter,No Holiday,Yes
2018-01-02,186,23,-3.8,35,2.3,2000,-17,0,0,0,Winter,No Holiday,Yes
2018-01-03,160,0,-4.3,38,1.4,2000,-16.5,0,0,0,Winter,No Holiday,Yes
2018-01-03,130,1,-5,42,1.2,1993,-15.9,0,0,0,Winter,No Holiday,Yes
2018-01-03,110,2,-5.5,43,2,2000,-16.1,0,0,0,Winter,No Holiday,Yes
2018-01-03,67,3,-6.1,45,1.3,1999,-16.1,0,0,0,Winter,No Holiday,Yes
2018-01-03,43,4,-6.1,45,2.3,2000,-16.1,0,0,0,Winter,No Holiday,Yes
2018-01-03,67,5,-6.4,47,2.4,1981,-15.8,0,0,0,Winter,No Holiday,Yes
2018-01-03,137,6,-6.7,48,2.4,1991,-15.9,0,0,0,Winter,No Holiday,Yes
2018-01-03,308,7,-6.9,48,2.4,1974,-16,0,0,0,Winter,No Holiday,Yes
2018-01-03,670,8,-7,49,1.5,1971,-15.9,0,0,0,Winter,No Holiday,Yes
2018-01-03,342,9,-6.8,44,1.7,1858,-17,0.16,0,0,Winter,No Holiday,Yes
2018-01-03,213,10,-5.6,38,2.9,1752,-17.6,0.55,0,0,Winter,No Holiday,Yes
2018-01-03,267,11,-4.5,36,3.2,1736,-17.3,0.77,0,0,Winter,No Holiday,Yes
2018-01-03,297,12,-3.4,32,3.1,1706,-17.7,1.02,0,0,Winter,No Holiday,Yes
2018-01-03,279,13,-2.2,31,2.3,1910,-17,1.13,0,0,Winter,No Holiday,Yes
2018-01-03,270,14,-1.5,30,2.8,1903,-16.8,1.1,0,0,Winter,No Holiday,Yes
2018-01-03,286,15,-1.1,29,2.8,1976,-16.9,0.96,0,0,Winter,No Holiday,Yes
2018-01-03,299,16,-0.4,30,2,2000,-15.9,0.62,0,0,Winter,No Holiday,Yes
2018-01-03,382,17,-1.9,35,1.8,2000,-15.3,0.25,0,0,Winter,No Holiday,Yes
2018-01-03,637,18,-3.1,39,2.1,2000,-15.1,0,0,0,Winter,No Holiday,Yes
2018-01-03,431,19,-3.7,41,2,2000,-15,0,0,0,Winter,No Holiday,Yes
2018-01-03,294,20,-3.9,44,2.5,2000,-14.3,0,0,0,Winter,No Holiday,Yes
2018-01-03,335,21,-4.3,47,2.8,1997,-13.9,0,0,0,Winter,No Holiday,Yes
2018-01-03,291,22,-5.2,53,1.3,1969,-13.3,0,0,0,Winter,No Holiday,Yes
2018-01-03,197,23,-5.9,54,0.8,1968,-13.7,0,0,0,Winter,No Holiday,Yes
2018-01-04,159,0,-6.3,54,1.4,1990,-14.1,0,0,0,Winter,No Holiday,Yes
2018-01-04,150,1,-6.9,56,2.3,1994,-14.2,0,0,0,Winter,No Holiday,Yes
2018-01-04,123,2,-7.3,57,2,1978,-14.3,0,0,0,Winter,No Holiday,Yes
2018-01-04,57,3,-7.4,54,1.7,1968,-15.1,0,0,0,Winter,No Holiday,Yes
2018-01-04,38,4,-7.5,55,1.3,1984,-15,0,0,0,Winter,No Holiday,Yes
2018-01-04,66,5,-7.6,49,1.3,2000,-16.4,0,0,0,Winter,No Holiday,Yes
2018-01-04,120,6,-7.6,47,2.3,2000,-16.9,0,0,0,Winter,No Holiday,Yes
2018-01-04,302,7,-8.1,51,0.5,1987,-16.4,0,0,0,Winter,No Holiday,Yes
2018-01-04,646,8,-8.6,55,0.6,1984,-16,0,0,0,Winter,No Holiday,Yes
2018-01-04,340,9,-7.9,48,1.2,1926,-17,0.14,0,0,Winter,No Holiday,Yes
2018-01-04,197,10,-6.4,43,1,1872,-16.9,0.43,0,0,Winter,No Holiday,Yes
2018-01-04,264,11,-4.4,40,0.8,1671,-16,0.69,0,0,Winter,No Holiday,Yes
2018-01-04,290,12,-2.9,33,0.9,1813,-16.9,0.92,0,0,Winter,No Holiday,Yes
2018-01-04,284,13,-2,32,1,1864,-16.5,0.91,0,0,Winter,No Holiday,Yes
2018-01-04,262,14,-0.8,32,1.4,1846,-15.4,0.78,0,0,Winter,No Holiday,Yes
2018-01-04,281,15,-1.2,31,0.8,1732,-16.2,0.47,0,0,Winter,No Holiday,Yes
2018-01-04,309,16,-1.4,34,1.8,1719,-15.2,0.3,0,0,Winter,No Holiday,Yes
2018-01-04,397,17,-2.1,37,1.4,1591,-14.8,0.09,0,0,Winter,No Holiday,Yes
2018-01-04,603,18,-2.6,38,1.4,1604,-14.9,0,0,0,Winter,No Holiday,Yes
2018-01-04,417,19,-2.7,39,1.4,1616,-14.7,0,0,0,Winter,No Holiday,Yes
2018-01-04,311,20,-2.8,39,1.7,1702,-14.8,0,0,0,Winter,No Holiday,Yes
2018-01-04,310,21,-3.1,41,2,1742,-14.5,0,0,0,Winter,No Holiday,Yes
2018-01-04,306,22,-3.6,46,1.3,1689,-13.5,0,0,0,Winter,No Holiday,Yes
2018-01-04,221,23,-4,48,1.5,1536,-13.4,0,0,0,Winter,No Holiday,Yes
2018-01-05,202,0,-4.7,52,1.8,1611,-13,0,0,0,Winter,No Holiday,Yes
2018-01-05,170,1,-5.1,51,1.5,1550,-13.6,0,0,0,Winter,No Holiday,Yes
2018-01-05,118,2,-5.3,52,1.6,1481,-13.6,0,0,0,Winter,No Holiday,Yes
2018-01-05,67,3,-5.5,56,1.1,1453,-12.9,0,0,0,Winter,No Holiday,Yes
2018-01-05,47,4,-5.1,55,1.7,1266,-12.7,0,0,0,Winter,No Holiday,Yes
2018-01-05,75,5,-5.1,55,1.5,1452,-12.7,0,0,0,Winter,No Holiday,Yes
2018-01-05,123,6,-5.1,54,1.3,1346,-12.9,0,0,0,Winter,No Holiday,Yes
2018-01-05,327,7,-5.3,53,1.1,1300,-13.4,0,0,0,Winter,No Holiday,Yes
2018-01-05,665,8,-5.3,51,1,1319,-13.8,0,0,0,Winter,No Holiday,Yes
2018-01-05,354,9,-4.7,49,1.2,1550,-13.8,0.12,0,0,Winter,No Holiday,Yes
2018-01-05,232,10,-3.3,50,1.3,1407,-12.2,0.4,0,0,Winter,No Holiday,Yes
2018-01-05,308,11,-0.7,45,1.5,1429,-11.1,0.76,0,0,Winter,No Holiday,Yes
2018-01-05,362,12,-0.3,45,2.2,1066,-10.8,1.01,0,0,Winter,No Holiday,Yes
2018-01-05,312,13,0.9,43,2,1112,-10.2,0.98,0,0,Winter,No Holiday,Yes
2018-01-05,343,14,1.4,41,2,1003,-10.4,0.99,0,0,Winter,No Holiday,Yes
2018-01-05,333,15,1.5,34,2.8,1776,-12.6,0.84,0,0,Winter,No Holiday,Yes
2018-01-05,329,16,1,34,2.9,2000,-13.1,0.61,0,0,Winter,No Holiday,Yes
2018-01-05,446,17,-0.6,45,3.3,1827,-11,0.24,0,0,Winter,No Holiday,Yes
2018-01-05,635,18,-1.8,44,2.2,1709,-12.4,0.01,0,0,Winter,No Holiday,Yes
2018-01-05,443,19,-2.5,49,0.6,1436,-11.7,0,0,0,Winter,No Holiday,Yes
2018-01-05,322,20,-3.4,51,1.1,1391,-12.1,0,0,0,Winter,No Holiday,Yes
2018-01-05,284,21,-3.5,53,0.9,1353,-11.7,0,0,0,Winter,No Holiday,Yes
2018-01-05,281,22,-3.8,53,1.3,1300,-12,0,0,0,Winter,No Holiday,Yes
2018-01-05,189,23,-3.6,50,1.9,1284,-12.5,0,0,0,Winter,No Holiday,Yes
2018-01-06,184,0,-4.3,52,1.6,1247,-12.7,0,0,0,Winter,No Holiday,Yes
2018-01-06,222,1,-4.8,54,1.2,1219,-12.7,0,0,0,Winter,No Holiday,Yes
2018-01-06,176,2,-5.5,56,1.4,1285,-12.9,0,0,0,Winter,No Holiday,Yes
2018-01-06,103,3,-5.6,56,1,1367,-13,0,0,0,Winter,No Holiday,Yes
2018-01-06,61,4,-5.9,61,1.1,1260,-12.2,0,0,0,Winter,No Holiday,Yes
2018-01-06,48,5,-6.1,64,1,1231,-11.8,0,0,0,Winter,No Holiday,Yes
2018-01-06,69,6,-6.5,67,0.7,1175,-11.6,0,0,0,Winter,No Holiday,Yes
2018-01-06,105,7,-6.6,65,1,1320,-12,0,0,0,Winter,No Holiday,Yes
2018-01-06,186,8,-6.5,62,1.1,1503,-12.5,0,0,0,Winter,No Holiday,Yes
2018-01-06,221,9,-5.8,49,1.4,1728,-14.8,0.16,0,0,Winter,No Holiday,Yes
2018-01-06,204,10,-3.5,39,2,1946,-15.4,0.54,0,0,Winter,No Holiday,Yes
2018-01-06,245,11,-1.6,35,2.1,1812,-15.1,0.87,0,0,Winter,No Holiday,Yes
2018-01-06,283,12,0,35,2.3,1672,-13.6,1.07,0,0,Winter,No Holiday,Yes
2018-01-06,356,13,0.9,28,2.4,1895,-15.6,1.18,0,0,Winter,No Holiday,Yes
2018-01-06,370,14,1.8,29,2,1693,-14.3,1.14,0,0,Winter,No Holiday,Yes
2018-01-06,373,15,2.3,27,2.2,1877,-14.8,0.92,0,0,Winter,No Holiday,Yes
2018-01-06,352,16,2.7,27,2.2,1811,-14.4,0.64,0,0,Winter,No Holiday,Yes
2018-01-06,354,17,1.1,31,1.7,1989,-14.1,0.26,0,0,Winter,No Holiday,Yes
2018-01-06,271,18,-0.6,37,1.6,1797,-13.5,0.01,0,0,Winter,No Holiday,Yes
2018-01-06,207,19,-1.2,37,1.2,1663,-14,0,0,0,Winter,No Holiday,Yes
2018-01-06,189,20,-2.1,41,1.1,1578,-13.6,0,0,0,Winter,No Holiday,Yes
2018-01-06,214,21,-2.5,47,0.8,1495,-12.2,0,0,0,Winter,No Holiday,Yes
2018-01-06,218,22,-2.6,47,1.6,1492,-12.3,0,0,0,Winter,No Holiday,Yes
2018-01-06,169,23,-3.2,50,0.8,1429,-12.1,0,0,0,Winter,No Holiday,Yes
2018-01-07,192,0,-3.8,48,0.7,1574,-13.2,0,0,0,Winter,No Holiday,Yes
2018-01-07,162,1,-3.9,51,0.2,1535,-12.5,0,0,0,Winter,No Holiday,Yes
2018-01-07,128,2,-4.4,53,0.3,1594,-12.5,0,0,0,Winter,No Holiday,Yes
2018-01-07,102,3,-4.8,56,0.6,1505,-12.2,0,0,0,Winter,No Holiday,Yes
2018-01-07,62,4,-5.1,60,0.7,1377,-11.6,0,0,0,Winter,No Holiday,Yes
2018-01-07,40,5,-5.6,58,0.7,1350,-12.5,0,0,0,Winter,No Holiday,Yes
2018-01-07,38,6,-5.5,52,0.7,1503,-13.8,0,0,0,Winter,No Holiday,Yes
2018-01-07,60,7,-5.6,58,0.9,1368,-12.5,0,0,0,Winter,No Holiday,Yes
2018-01-07,122,8,-5.3,53,1.1,1411,-13.4,0,0,0,Winter,No Holiday,Yes
2018-01-07,143,9,-3.8,49,1.6,1371,-12.9,0.18,0,0,Winter,No Holiday,Yes
2018-01-07,179,10,-1.8,40,1.8,1555,-13.6,0.48,0,0,Winter,No Holiday,Yes
2018-01-07,214,11,0.5,35,1.4,1558,-13.2,0.75,0,0,Winter,No Holiday,Yes
2018-01-07,278,12,1.1,34,0.9,1455,-13,0.6,0,0,Winter,No Holiday,Yes
2018-01-07,265,13,1.4,34,0.8,1394,-12.7,0.5,0,0,Winter,No Holiday,Yes
2018-01-07,331,14,1.9,32,0.7,1368,-13,0.41,0,0,Winter,No Holiday,Yes
2018-01-07,368,15,2.7,31,0.9,1603,-12.7,0.43,0,0,Winter,No Holiday,Yes
2018-01-07,333,16,2.6,32,1,1381,-12.4,0.27,0,0,Winter,No Holiday,Yes
2018-01-07,349,17,2.3,33,0.2,1515,-12.3,0.13,0,0,Winter,No Holiday,Yes
2018-01-07,270,18,1.8,34,1.2,1518,-12.4,0,0,0,Winter,No Holiday,Yes
2018-01-07,246,19,1.6,35,1,1419,-12.2,0,0,0,Winter,No Holiday,Yes
2018-01-07,233,20,1.3,38,0.4,1386,-11.4,0,0,0,Winter,No Holiday,Yes
2018-01-07,236,21,1.2,39,0.6,1378,-11.2,0,0,0,Winter,No Holiday,Yes
2018-01-07,214,22,1.1,40,0.5,1305,-11,0,0,0,Winter,No Holiday,Yes
2018-01-07,149,23,1.1,39,0.6,1422,-11.3,0,0,0,Winter,No Holiday,Yes
2018-01-08,149,0,0.9,42,1.1,1271,-10.5,0,0,0,Winter,No Holiday,Yes
2018-01-08,109,1,0.9,42,0.2,1333,-10.5,0,0,0,Winter,No Holiday,Yes
2018-01-08,77,2,0.8,42,0.5,1275,-10.6,0,0,0,Winter,No Holiday,Yes
2018-01-08,53,3,0.9,43,0.4,1261,-10.2,0,0,0,Winter,No Holiday,Yes
2018-01-08,46,4,1,43,0.8,1253,-10.2,0,0,0,Winter,No Holiday,Yes
2018-01-08,67,5,0.8,42,1,1394,-10.6,0,0,0,Winter,No Holiday,Yes
2018-01-08,159,6,0.8,45,0.7,1268,-9.8,0,0,0,Winter,No Holiday,Yes
2018-01-08,374,7,0.7,44,0.8,1357,-10.1,0,0,0,Winter,No Holiday,Yes
2018-01-08,701,8,0.7,45,0.7,1339,-9.9,0,0,0,Winter,No Holiday,Yes
2018-01-08,387,9,0.8,47,0.9,1070,-9.2,0.05,0,0,Winter,No Holiday,Yes
2018-01-08,253,10,1.3,43,0.8,971,-9.9,0.16,0,0,Winter,No Holiday,Yes
2018-01-08,278,11,1.7,37,0.6,1062,-11.4,0.23,0,0,Winter,No Holiday,Yes
2018-01-08,356,12,2.7,33,2.7,1281,-12,0.6,0,0,Winter,No Holiday,Yes
2018-01-08,303,13,3,32,1.6,1518,-12.1,0.38,0,0,Winter,No Holiday,Yes
2018-01-08,349,14,3.4,31,1.4,1267,-12.1,0.36,0,0,Winter,No Holiday,Yes
2018-01-08,318,15,3.9,33,1.8,1293,-10.9,0.39,0,0,Winter,No Holiday,Yes
2018-01-08,353,16,3.5,36,1.7,1702,-10.2,0.16,0,0,Winter,No Holiday,Yes
2018-01-08,385,17,2.7,50,2.8,1957,-6.7,0.06,0,0,Winter,No Holiday,Yes
2018-01-08,316,18,1.5,70,2.5,638,-3.3,0,0,0,Winter,No Holiday,Yes
2018-01-08,127,19,0.9,88,1.6,290,-0.8,0,0,0.5,Winter,No Holiday,Yes
2018-01-08,144,20,1,89,1.9,407,-0.6,0,0,1,Winter,No Holiday,Yes
2018-01-08,146,21,0.7,77,6.7,692,-2.8,0,0.9,1,Winter,No Holiday,Yes
2018-01-08,149,22,0.1,68,4.6,740,-5.1,0,0,1,Winter,No Holiday,Yes
2018-01-08,112,23,-0.6,62,4.2,936,-6.9,0,0,1,Winter,No Holiday,Yes
2018-01-09,100,0,-1.2,67,4.6,983,-6.5,0,0,1,Winter,No Holiday,Yes
2018-01-09,107,1,-1.9,69,5,791,-6.8,0,0,1,Winter,No Holiday,Yes
2018-01-09,75,2,-2.9,66,3.3,1515,-8.3,0,0,1,Winter,No Holiday,Yes
2018-01-09,52,3,-3.4,67,3.2,1420,-8.6,0,0,0.9,Winter,No Holiday,Yes
2018-01-09,38,4,-4.3,59,4.4,1451,-11.1,0,0,0.9,Winter,No Holiday,Yes
2018-01-09,52,5,-5.1,48,3.2,1821,-14.4,0,0,0.9,Winter,No Holiday,Yes
2018-01-09,126,6,-5.6,52,3.7,1785,-13.9,0,0,0.9,Winter,No Holiday,Yes
2018-01-09,245,7,-5.9,57,3.1,1686,-13,0,0,0.8,Winter,No Holiday,Yes
2018-01-09,554,8,-6,64,3.2,1384,-11.7,0,0,0.7,Winter,No Holiday,Yes
2018-01-09,320,9,-6,61,2.5,1547,-12.3,0.13,0,0.6,Winter,No Holiday,Yes
2018-01-09,190,10,-4.8,57,3,1559,-12,0.47,0,0.5,Winter,No Holiday,Yes
2018-01-09,247,11,-3.9,51,4.5,1746,-12.5,0.73,0,0.5,Winter,No Holiday,Yes
2018-01-09,262,12,-2.7,45,2.4,1707,-13,1.05,0,0.4,Winter,No Holiday,Yes
2018-01-09,265,13,-2.6,45,4,1663,-12.9,1.11,0,0.3,Winter,No Holiday,Yes
2018-01-09,265,14,-1.8,45,3.7,1922,-12.1,1.06,0,0.2,Winter,No Holiday,Yes
2018-01-09,257,15,-2.4,51,4.6,1458,-11.1,0.46,0,0,Winter,No Holiday,Yes
2018-01-09,262,16,-2.4,56,3.3,1541,-9.9,0.35,0,0,Winter,No Holiday,Yes
2018-01-09,332,17,-2.9,66,3.6,743,-8.3,0.23,0,0,Winter,No Holiday,Yes
2018-01-09,558,18,-3.8,58,1.7,1996,-10.8,0.01,0,0,Winter,No Holiday,Yes
2018-01-09,364,19,-4.5,57,0.6,2000,-11.7,0,0,0,Winter,No Holiday,Yes
2018-01-09,302,20,-4.9,59,0.6,1992,-11.6,0,0,0,Winter,No Holiday,Yes
2018-01-09,281,21,-4.8,59,0.9,2000,-11.6,0,0,0,Winter,No Holiday,Yes
2018-01-09,166,22,-4.2,67,1.6,503,-9.4,0,0,0,Winter,No Holiday,Yes
2018-01-09,80,23,-4.9,80,0.7,690,-7.8,0,0,0.2,Winter,No Holiday,Yes
2018-01-10,61,0,-5.2,82,0.8,152,-7.7,0,0.5,0.5,Winter,No Holiday,Yes
2018-01-10,78,1,-5.6,75,1.7,1982,-9.3,0,0,0.8,Winter,No Holiday,Yes
2018-01-10,63,2,-5.7,72,1.2,1925,-9.9,0,0,0.8,Winter,No Holiday,Yes
2018-01-10,40,3,-6.1,70,1.1,2000,-10.6,0,0.3,0.8,Winter,No Holiday,Yes
2018-01-10,31,4,-6.6,72,2.2,2000,-10.8,0,0,0.8,Winter,No Holiday,Yes
2018-01-10,39,5,-7.3,75,1.6,2000,-10.9,0,0,0.8,Winter,No Holiday,Yes
2018-01-10,84,6,-7.7,74,1.1,2000,-11.5,0,0,0.8,Winter,No Holiday,Yes
2018-01-10,158,7,-8,70,1.8,2000,-12.5,0,0,0.7,Winter,No Holiday,Yes
2018-01-10,387,8,-7.9,67,2.6,1896,-12.9,0,0,0.7,Winter,No Holiday,Yes
2018-01-10,225,9,-7.7,62,3.6,1637,-13.7,0.13,0,0.7,Winter,No Holiday,Yes
2018-01-10,150,10,-6.9,53,3.2,1576,-14.8,0.52,0,0.6,Winter,No Holiday,Yes
2018-01-10,168,11,-6.4,49,4.5,1759,-15.3,0.86,0,0.5,Winter,No Holiday,Yes
2018-01-10,217,12,-5.6,44,4.5,1830,-15.9,1.1,0,0.5,Winter,No Holiday,Yes
2018-01-10,207,13,-5.1,43,4.7,1901,-15.7,1.18,0,0.4,Winter,No Holiday,Yes
2018-01-10,177,14,-5.3,37,5.3,2000,-17.7,1.05,0,0.3,Winter,No Holiday,Yes
2018-01-10,193,15,-5.3,33,4.8,2000,-19,0.99,0,0.3,Winter,No Holiday,Yes
2018-01-10,196,16,-5.4,30,3.9,2000,-20.2,0.69,0,0.2,Winter,No Holiday,Yes
2018-01-10,266,17,-6.5,34,4,2000,-19.8,0.31,0,0,Winter,No Holiday,Yes
2018-01-10,437,18,-7.8,32,4.5,2000,-21.6,0.02,0,0,Winter,No Holiday,Yes
2018-01-10,259,19,-8.5,35,2.9,2000,-21.2,0,0,0,Winter,No Holiday,Yes
2018-01-10,207,20,-8.9,41,2.3,2000,-19.7,0,0,0,Winter,No Holiday,Yes
2018-01-10,214,21,-9.4,47,2,2000,-18.6,0,0,0,Winter,No Holiday,Yes
2018-01-10,165,22,-9.7,51,2.8,2000,-17.9,0,0,0,Winter,No Holiday,Yes
2018-01-10,139,23,-10.2,53,3.3,1997,-17.9,0,0,0,Winter,No Holiday,Yes
2018-01-11,98,0,-10.3,54,2.4,1988,-17.8,0,0,0,Winter,No Holiday,Yes
2018-01-11,100,1,-10.6,55,2.9,1987,-17.9,0,0,0,Winter,No Holiday,Yes
2018-01-11,89,2,-10.9,57,2.7,1900,-17.7,0,0,0,Winter,No Holiday,Yes
2018-01-11,38,3,-11.2,59,2.9,1872,-17.6,0,0,0,Winter,No Holiday,Yes
2018-01-11,33,4,-11.5,57,2.3,1899,-18.3,0,0,0,Winter,No Holiday,Yes
2018-01-11,42,5,-11.9,61,1.8,1759,-17.9,0,0,0,Winter,No Holiday,Yes
2018-01-11,82,6,-12,61,2.3,1709,-18,0,0,0,Winter,No Holiday,Yes
2018-01-11,203,7,-12.3,59,2.3,1738,-18.6,0,0,0,Winter,No Holiday,Yes
2018-01-11,443,8,-12.6,61,1.6,1610,-18.5,0,0,0,Winter,No Holiday,Yes
2018-01-11,227,9,-12,53,2.6,1781,-19.6,0.16,0,0,Winter,No Holiday,Yes
2018-01-11,152,10,-11.1,46,3.7,1638,-20.4,0.48,0,0,Winter,No Holiday,Yes
2018-01-11,146,11,-10.2,41,3.5,1629,-20.9,0.84,0,0,Winter,No Holiday,Yes
2018-01-11,187,12,-8.6,40,2.6,1700,-19.8,1.11,0,0,Winter,No Holiday,Yes
2018-01-11,178,13,-8.6,41,3.4,1593,-19.5,1.2,0,0,Winter,No Holiday,Yes
2018-01-11,187,14,-7.4,38,3.3,1718,-19.3,1.15,0,0,Winter,No Holiday,Yes
2018-01-11,181,15,-8.3,42,3.8,1745,-18.9,0.93,0,0,Winter,No Holiday,Yes
